No.,case,Wind_direction,x(m),y(m),z(m),Velocity_Ratio
1,bc,N,-27,112,2,0.18
2,bc,N,-93,33,2,0.34
3,bc,N,-88,35,2,0.24
4,bc,N,-74,40,2,0.18
5,bc,N,-61,45.5,2,0.46
6,bc,N,-50.5,49.5,2,0.48
7,bc,N,-33.5,57.5,2,0.32
8,bc,N,-9.5,69,2,0.12
9,bc,N,7,76.5,2,0.1
10,bc,N,45,94,2,0.1
11,bc,N,80.5,110,2,0.55
12,bc,N,-133,21,2,0.22
13,bc,N,-97,19,2,0.38
14,bc,N,-84,22.5,2,0.32
15,bc,N,-65.5,29.5,2,0.54
16,bc,N,-47.5,36.5,2,0.52
17,bc,N,-25,47,2,0.24
18,bc,N,-5,56,2,0.26
19,bc,N,13.5,64.5,2,0.32
20,bc,N,50,81.5,2,0.2
21,bc,N,87,97.5,2,0.38
22,bc,N,-114.5,-8,2,0.32
23,bc,N,-90.5,8,2,0.36
24,bc,N,-56,33,2,0.65
25,bc,N,-51,22,2,0.59
26,bc,N,-46.5,11,2,0.55
27,bc,N,-39,16,2,0.34
28,bc,N,-39.5,-4,2,0.52
29,bc,N,-32,0,2,0.34
30,bc,N,-39,-11,2,0.44
31,bc,N,6.5,52,2,0.46
32,bc,N,65.5,74.5,2,0.55
33,bc,N,73.5,56.5,2,0.54
34,bc,N,-117.5,-32,2,0.22
35,bc,N,-86.5,-35.5,2,0.24
36,bc,N,-75,-31.5,2,0.46
37,bc,N,-55.5,-23,2,0.34
38,bc,N,-26,-10,2,0.4
39,bc,N,-9,-2.5,2,0.24
40,bc,N,6.5,4.5,2,0.3
41,bc,N,29.5,15,2,0.2
42,bc,N,53,26,2,0.22
43,bc,N,67.5,32.5,2,0.42
44,bc,N,83,39,2,0.46
45,bc,N,120.5,56.5,2,0.18
46,bc,N,-121,-56.5,2,0.18
47,bc,N,-96.5,-59.5,2,0.14
48,bc,N,-77,-59,2,0.18
49,bc,N,-59.5,-51.5,2,0.34
50,bc,N,-45.5,-45,2,0.22
51,bc,N,-24.5,-19.5,2,0.38
52,bc,N,-31,-23.5,2,0.28
53,bc,N,-24.5,-38,2,0.32
54,bc,N,-20,-30.5,2,0.36
55,bc,N,-11,-50,2,0.34
56,bc,N,38,5.5,2,0.26
57,bc,N,74,22,2,0.48
58,bc,N,63,0.5,2,0.54
59,bc,N,50.5,-22.5,2,0.46
60,bc,N,88.5,-6,2,0.36
61,bc,N,31,0,2,0.22
62,bc,N,39.5,-20,2,0.3
63,bc,N,92.5,20,2,0.28
64,bc,N,100.5,3.5,2,0.22
65,bc,N,-83,-94,2,0.26
66,bc,N,-49.5,-78.5,2,0.3
67,bc,N,-10,-59.5,2,0.38
68,bc,N,1,-54,2,0.28
69,bc,N,26,-43,2,0.3
70,bc,N,46.5,-33.5,2,0.55
71,bc,N,66.5,-24.5,2,0.4
72,bc,N,82,-17.5,2,0.34
73,bc,N,98.5,-9.5,2,0.34
74,bc,N,56.5,-54.5,2,0.22
75,bc,N,109,-17.5,2,0.46
76,bc,N,116,-30.5,2,0.44
77,bc,N,5,-94,2,0.54
78,bc,N,45.5,-86.5,2,0.3
79,bc,N,81.5,-69.5,2,0.36
80,bc,N,125,-49.5,2,0.5
1,bc,NNE,-27,112,2,0.2
2,bc,NNE,-93,33,2,0.3
3,bc,NNE,-88,35,2,0.22
4,bc,NNE,-74,40,2,0.26
5,bc,NNE,-61,45.5,2,0.59
6,bc,NNE,-50.5,49.5,2,0.44
7,bc,NNE,-33.5,57.5,2,0.26
8,bc,NNE,-9.5,69,2,0.14
9,bc,NNE,7,76.5,2,0.16
10,bc,NNE,45,94,2,0.14
11,bc,NNE,80.5,110,2,0.48
12,bc,NNE,-133,21,2,0.34
13,bc,NNE,-97,19,2,0.32
14,bc,NNE,-84,22.5,2,0.44
15,bc,NNE,-65.5,29.5,2,0.65
16,bc,NNE,-47.5,36.5,2,0.59
17,bc,NNE,-25,47,2,0.28
18,bc,NNE,-5,56,2,0.2
19,bc,NNE,13.5,64.5,2,0.44
20,bc,NNE,50,81.5,2,0.26
21,bc,NNE,87,97.5,2,0.54
22,bc,NNE,-114.5,-8,2,0.48
23,bc,NNE,-90.5,8,2,0.3
24,bc,NNE,-56,33,2,0.71
25,bc,NNE,-51,22,2,0.61
26,bc,NNE,-46.5,11,2,0.32
27,bc,NNE,-39,16,2,0.28
28,bc,NNE,-39.5,-4,2,0.24
29,bc,NNE,-32,0,2,0.2
30,bc,NNE,-39,-11,2,0.22
31,bc,NNE,6.5,52,2,0.44
32,bc,NNE,65.5,74.5,2,0.38
33,bc,NNE,73.5,56.5,2,0.34
34,bc,NNE,-117.5,-32,2,0.32
35,bc,NNE,-86.5,-35.5,2,0.34
36,bc,NNE,-75,-31.5,2,0.55
37,bc,NNE,-55.5,-23,2,0.24
38,bc,NNE,-26,-10,2,0.24
39,bc,NNE,-9,-2.5,2,0.3
40,bc,NNE,6.5,4.5,2,0.48
41,bc,NNE,29.5,15,2,0.26
42,bc,NNE,53,26,2,0.36
43,bc,NNE,67.5,32.5,2,0.42
44,bc,NNE,83,39,2,0.4
45,bc,NNE,120.5,56.5,2,0.18
46,bc,NNE,-121,-56.5,2,0.26
47,bc,NNE,-96.5,-59.5,2,0.28
48,bc,NNE,-77,-59,2,0.24
49,bc,NNE,-59.5,-51.5,2,0.42
50,bc,NNE,-45.5,-45,2,0.24
51,bc,NNE,-24.5,-19.5,2,0.18
52,bc,NNE,-31,-23.5,2,0.24
53,bc,NNE,-24.5,-38,2,0.34
54,bc,NNE,-20,-30.5,2,0.22
55,bc,NNE,-11,-50,2,0.26
56,bc,NNE,38,5.5,2,0.4
57,bc,NNE,74,22,2,0.46
58,bc,NNE,63,0.5,2,0.5
59,bc,NNE,50.5,-22.5,2,0.44
60,bc,NNE,88.5,-6,2,0.3
61,bc,NNE,31,0,2,0.24
62,bc,NNE,39.5,-20,2,0.36
63,bc,NNE,92.5,20,2,0.3
64,bc,NNE,100.5,3.5,2,0.18
65,bc,NNE,-83,-94,2,0.36
66,bc,NNE,-49.5,-78.5,2,0.32
67,bc,NNE,-10,-59.5,2,0.3
68,bc,NNE,1,-54,2,0.24
69,bc,NNE,26,-43,2,0.3
70,bc,NNE,46.5,-33.5,2,0.59
71,bc,NNE,66.5,-24.5,2,0.46
72,bc,NNE,82,-17.5,2,0.42
73,bc,NNE,98.5,-9.5,2,0.28
74,bc,NNE,56.5,-54.5,2,0.24
75,bc,NNE,109,-17.5,2,0.36
76,bc,NNE,116,-30.5,2,0.4
77,bc,NNE,5,-94,2,0.4
78,bc,NNE,45.5,-86.5,2,0.42
79,bc,NNE,81.5,-69.5,2,0.44
80,bc,NNE,125,-49.5,2,0.4
1,bc,NE,-27,112,2,0.24
2,bc,NE,-93,33,2,0.46
3,bc,NE,-88,35,2,0.24
4,bc,NE,-74,40,2,0.28
5,bc,NE,-61,45.5,2,0.54
6,bc,NE,-50.5,49.5,2,0.4
7,bc,NE,-33.5,57.5,2,0.32
8,bc,NE,-9.5,69,2,0.22
9,bc,NE,7,76.5,2,0.28
10,bc,NE,45,94,2,0.26
11,bc,NE,80.5,110,2,0.54
12,bc,NE,-133,21,2,0.46
13,bc,NE,-97,19,2,0.38
14,bc,NE,-84,22.5,2,0.42
15,bc,NE,-65.5,29.5,2,0.61
16,bc,NE,-47.5,36.5,2,0.57
17,bc,NE,-25,47,2,0.34
18,bc,NE,-5,56,2,0.28
19,bc,NE,13.5,64.5,2,0.55
20,bc,NE,50,81.5,2,0.34
21,bc,NE,87,97.5,2,0.5
22,bc,NE,-114.5,-8,2,0.44
23,bc,NE,-90.5,8,2,0.22
24,bc,NE,-56,33,2,0.65
25,bc,NE,-51,22,2,0.36
26,bc,NE,-46.5,11,2,0.24
27,bc,NE,-39,16,2,0.22
28,bc,NE,-39.5,-4,2,0.2
29,bc,NE,-32,0,2,0.26
30,bc,NE,-39,-11,2,0.18
31,bc,NE,6.5,52,2,0.36
32,bc,NE,65.5,74.5,2,0.24
33,bc,NE,73.5,56.5,2,0.24
34,bc,NE,-117.5,-32,2,0.4
35,bc,NE,-86.5,-35.5,2,0.36
36,bc,NE,-75,-31.5,2,0.48
37,bc,NE,-55.5,-23,2,0.24
38,bc,NE,-26,-10,2,0.4
39,bc,NE,-9,-2.5,2,0.5
40,bc,NE,6.5,4.5,2,0.57
41,bc,NE,29.5,15,2,0.46
42,bc,NE,53,26,2,0.48
43,bc,NE,67.5,32.5,2,0.44
44,bc,NE,83,39,2,0.4
45,bc,NE,120.5,56.5,2,0.2
46,bc,NE,-121,-56.5,2,0.24
47,bc,NE,-96.5,-59.5,2,0.44
48,bc,NE,-77,-59,2,0.26
49,bc,NE,-59.5,-51.5,2,0.36
50,bc,NE,-45.5,-45,2,0.12
51,bc,NE,-24.5,-19.5,2,0.14
52,bc,NE,-31,-23.5,2,0.24
53,bc,NE,-24.5,-38,2,0.26
54,bc,NE,-20,-30.5,2,0.18
55,bc,NE,-11,-50,2,0.18
56,bc,NE,38,5.5,2,0.46
57,bc,NE,74,22,2,0.5
58,bc,NE,63,0.5,2,0.55
59,bc,NE,50.5,-22.5,2,0.46
60,bc,NE,88.5,-6,2,0.22
61,bc,NE,31,0,2,0.32
62,bc,NE,39.5,-20,2,0.38
63,bc,NE,92.5,20,2,0.3
64,bc,NE,100.5,3.5,2,0.18
65,bc,NE,-83,-94,2,0.4
66,bc,NE,-49.5,-78.5,2,0.28
67,bc,NE,-10,-59.5,2,0.34
68,bc,NE,1,-54,2,0.38
69,bc,NE,26,-43,2,0.34
70,bc,NE,46.5,-33.5,2,0.63
71,bc,NE,66.5,-24.5,2,0.38
72,bc,NE,82,-17.5,2,0.3
73,bc,NE,98.5,-9.5,2,0.2
74,bc,NE,56.5,-54.5,2,0.2
75,bc,NE,109,-17.5,2,0.2
76,bc,NE,116,-30.5,2,0.22
77,bc,NE,5,-94,2,0.42
78,bc,NE,45.5,-86.5,2,0.36
79,bc,NE,81.5,-69.5,2,0.38
80,bc,NE,125,-49.5,2,0.44
1,bc,ENE,-27,112,2,0.28
2,bc,ENE,-93,33,2,0.44
3,bc,ENE,-88,35,2,0.24
4,bc,ENE,-74,40,2,0.22
5,bc,ENE,-61,45.5,2,0.32
6,bc,ENE,-50.5,49.5,2,0.36
7,bc,ENE,-33.5,57.5,2,0.34
8,bc,ENE,-9.5,69,2,0.34
9,bc,ENE,7,76.5,2,0.32
10,bc,ENE,45,94,2,0.34
11,bc,ENE,80.5,110,2,0.48
12,bc,ENE,-133,21,2,0.48
13,bc,ENE,-97,19,2,0.44
14,bc,ENE,-84,22.5,2,0.4
15,bc,ENE,-65.5,29.5,2,0.46
16,bc,ENE,-47.5,36.5,2,0.46
17,bc,ENE,-25,47,2,0.4
18,bc,ENE,-5,56,2,0.24
19,bc,ENE,13.5,64.5,2,0.44
20,bc,ENE,50,81.5,2,0.34
21,bc,ENE,87,97.5,2,0.44
22,bc,ENE,-114.5,-8,2,0.34
23,bc,ENE,-90.5,8,2,0.18
24,bc,ENE,-56,33,2,0.4
25,bc,ENE,-51,22,2,0.24
26,bc,ENE,-46.5,11,2,0.18
27,bc,ENE,-39,16,2,0.12
28,bc,ENE,-39.5,-4,2,0.2
29,bc,ENE,-32,0,2,0.12
30,bc,ENE,-39,-11,2,0.28
31,bc,ENE,6.5,52,2,0.26
32,bc,ENE,65.5,74.5,2,0.18
33,bc,ENE,73.5,56.5,2,0.24
34,bc,ENE,-117.5,-32,2,0.38
35,bc,ENE,-86.5,-35.5,2,0.34
36,bc,ENE,-75,-31.5,2,0.44
37,bc,ENE,-55.5,-23,2,0.24
38,bc,ENE,-26,-10,2,0.46
39,bc,ENE,-9,-2.5,2,0.48
40,bc,ENE,6.5,4.5,2,0.55
41,bc,ENE,29.5,15,2,0.48
42,bc,ENE,53,26,2,0.42
43,bc,ENE,67.5,32.5,2,0.32
44,bc,ENE,83,39,2,0.38
45,bc,ENE,120.5,56.5,2,0.2
46,bc,ENE,-121,-56.5,2,0.28
47,bc,ENE,-96.5,-59.5,2,0.46
48,bc,ENE,-77,-59,2,0.24
49,bc,ENE,-59.5,-51.5,2,0.3
50,bc,ENE,-45.5,-45,2,0.12
51,bc,ENE,-24.5,-19.5,2,0.16
52,bc,ENE,-31,-23.5,2,0.24
53,bc,ENE,-24.5,-38,2,0.36
54,bc,ENE,-20,-30.5,2,0.24
55,bc,ENE,-11,-50,2,0.2
56,bc,ENE,38,5.5,2,0.42
57,bc,ENE,74,22,2,0.42
58,bc,ENE,63,0.5,2,0.4
59,bc,ENE,50.5,-22.5,2,0.38
60,bc,ENE,88.5,-6,2,0.28
61,bc,ENE,31,0,2,0.32
62,bc,ENE,39.5,-20,2,0.3
63,bc,ENE,92.5,20,2,0.22
64,bc,ENE,100.5,3.5,2,0.28
65,bc,ENE,-83,-94,2,0.4
66,bc,ENE,-49.5,-78.5,2,0.22
67,bc,ENE,-10,-59.5,2,0.26
68,bc,ENE,1,-54,2,0.28
69,bc,ENE,26,-43,2,0.4
70,bc,ENE,46.5,-33.5,2,0.55
71,bc,ENE,66.5,-24.5,2,0.36
72,bc,ENE,82,-17.5,2,0.32
73,bc,ENE,98.5,-9.5,2,0.36
74,bc,ENE,56.5,-54.5,2,0.14
75,bc,ENE,109,-17.5,2,0.26
76,bc,ENE,116,-30.5,2,0.36
77,bc,ENE,5,-94,2,0.28
78,bc,ENE,45.5,-86.5,2,0.36
79,bc,ENE,81.5,-69.5,2,0.34
80,bc,ENE,125,-49.5,2,0.4
1,bc,E,-27,112,2,0.24
2,bc,E,-93,33,2,0.54
3,bc,E,-88,35,2,0.36
4,bc,E,-74,40,2,0.3
5,bc,E,-61,45.5,2,0.3
6,bc,E,-50.5,49.5,2,0.42
7,bc,E,-33.5,57.5,2,0.4
8,bc,E,-9.5,69,2,0.42
9,bc,E,7,76.5,2,0.36
10,bc,E,45,94,2,0.36
11,bc,E,80.5,110,2,0.44
12,bc,E,-133,21,2,0.52
13,bc,E,-97,19,2,0.44
14,bc,E,-84,22.5,2,0.38
15,bc,E,-65.5,29.5,2,0.36
16,bc,E,-47.5,36.5,2,0.36
17,bc,E,-25,47,2,0.48
18,bc,E,-5,56,2,0.24
19,bc,E,13.5,64.5,2,0.42
20,bc,E,50,81.5,2,0.36
21,bc,E,87,97.5,2,0.32
22,bc,E,-114.5,-8,2,0.3
23,bc,E,-90.5,8,2,0.18
24,bc,E,-56,33,2,0.3
25,bc,E,-51,22,2,0.18
26,bc,E,-46.5,11,2,0.22
27,bc,E,-39,16,2,0.16
28,bc,E,-39.5,-4,2,0.32
29,bc,E,-32,0,2,0.16
30,bc,E,-39,-11,2,0.28
31,bc,E,6.5,52,2,0.3
32,bc,E,65.5,74.5,2,0.24
33,bc,E,73.5,56.5,2,0.22
34,bc,E,-117.5,-32,2,0.38
35,bc,E,-86.5,-35.5,2,0.38
36,bc,E,-75,-31.5,2,0.36
37,bc,E,-55.5,-23,2,0.18
38,bc,E,-26,-10,2,0.38
39,bc,E,-9,-2.5,2,0.5
40,bc,E,6.5,4.5,2,0.5
41,bc,E,29.5,15,2,0.52
42,bc,E,53,26,2,0.4
43,bc,E,67.5,32.5,2,0.3
44,bc,E,83,39,2,0.34
45,bc,E,120.5,56.5,2,0.18
46,bc,E,-121,-56.5,2,0.2
47,bc,E,-96.5,-59.5,2,0.48
48,bc,E,-77,-59,2,0.3
49,bc,E,-59.5,-51.5,2,0.2
50,bc,E,-45.5,-45,2,0.18
51,bc,E,-24.5,-19.5,2,0.28
52,bc,E,-31,-23.5,2,0.46
53,bc,E,-24.5,-38,2,0.48
54,bc,E,-20,-30.5,2,0.34
55,bc,E,-11,-50,2,0.26
56,bc,E,38,5.5,2,0.44
57,bc,E,74,22,2,0.28
58,bc,E,63,0.5,2,0.38
59,bc,E,50.5,-22.5,2,0.3
60,bc,E,88.5,-6,2,0.26
61,bc,E,31,0,2,0.36
62,bc,E,39.5,-20,2,0.24
63,bc,E,92.5,20,2,0.2
64,bc,E,100.5,3.5,2,0.24
65,bc,E,-83,-94,2,0.46
66,bc,E,-49.5,-78.5,2,0.26
67,bc,E,-10,-59.5,2,0.4
68,bc,E,1,-54,2,0.18
69,bc,E,26,-43,2,0.34
70,bc,E,46.5,-33.5,2,0.42
71,bc,E,66.5,-24.5,2,0.26
72,bc,E,82,-17.5,2,0.22
73,bc,E,98.5,-9.5,2,0.4
74,bc,E,56.5,-54.5,2,0.12
75,bc,E,109,-17.5,2,0.32
76,bc,E,116,-30.5,2,0.44
77,bc,E,5,-94,2,0.3
78,bc,E,45.5,-86.5,2,0.4
79,bc,E,81.5,-69.5,2,0.24
80,bc,E,125,-49.5,2,0.32
1,bc,ESE,-27,112,2,0.26
2,bc,ESE,-93,33,2,0.61
3,bc,ESE,-88,35,2,0.48
4,bc,ESE,-74,40,2,0.38
5,bc,ESE,-61,45.5,2,0.26
6,bc,ESE,-50.5,49.5,2,0.46
7,bc,ESE,-33.5,57.5,2,0.44
8,bc,ESE,-9.5,69,2,0.38
9,bc,ESE,7,76.5,2,0.36
10,bc,ESE,45,94,2,0.36
11,bc,ESE,80.5,110,2,0.18
12,bc,ESE,-133,21,2,0.55
13,bc,ESE,-97,19,2,0.34
14,bc,ESE,-84,22.5,2,0.52
15,bc,ESE,-65.5,29.5,2,0.5
16,bc,ESE,-47.5,36.5,2,0.28
17,bc,ESE,-25,47,2,0.44
18,bc,ESE,-5,56,2,0.22
19,bc,ESE,13.5,64.5,2,0.32
20,bc,ESE,50,81.5,2,0.26
21,bc,ESE,87,97.5,2,0.16
22,bc,ESE,-114.5,-8,2,0.26
23,bc,ESE,-90.5,8,2,0.24
24,bc,ESE,-56,33,2,0.46
25,bc,ESE,-51,22,2,0.34
26,bc,ESE,-46.5,11,2,0.34
27,bc,ESE,-39,16,2,0.3
28,bc,ESE,-39.5,-4,2,0.4
29,bc,ESE,-32,0,2,0.22
30,bc,ESE,-39,-11,2,0.36
31,bc,ESE,6.5,52,2,0.34
32,bc,ESE,65.5,74.5,2,0.44
33,bc,ESE,73.5,56.5,2,0.36
34,bc,ESE,-117.5,-32,2,0.22
35,bc,ESE,-86.5,-35.5,2,0.24
36,bc,ESE,-75,-31.5,2,0.34
37,bc,ESE,-55.5,-23,2,0.16
38,bc,ESE,-26,-10,2,0.32
39,bc,ESE,-9,-2.5,2,0.4
40,bc,ESE,6.5,4.5,2,0.42
41,bc,ESE,29.5,15,2,0.52
42,bc,ESE,53,26,2,0.4
43,bc,ESE,67.5,32.5,2,0.32
44,bc,ESE,83,39,2,0.26
45,bc,ESE,120.5,56.5,2,0.22
46,bc,ESE,-121,-56.5,2,0.16
47,bc,ESE,-96.5,-59.5,2,0.38
48,bc,ESE,-77,-59,2,0.32
49,bc,ESE,-59.5,-51.5,2,0.22
50,bc,ESE,-45.5,-45,2,0.18
51,bc,ESE,-24.5,-19.5,2,0.4
52,bc,ESE,-31,-23.5,2,0.57
53,bc,ESE,-24.5,-38,2,0.55
54,bc,ESE,-20,-30.5,2,0.38
55,bc,ESE,-11,-50,2,0.38
56,bc,ESE,38,5.5,2,0.44
57,bc,ESE,74,22,2,0.4
58,bc,ESE,63,0.5,2,0.4
59,bc,ESE,50.5,-22.5,2,0.22
60,bc,ESE,88.5,-6,2,0.26
61,bc,ESE,31,0,2,0.34
62,bc,ESE,39.5,-20,2,0.26
63,bc,ESE,92.5,20,2,0.28
64,bc,ESE,100.5,3.5,2,0.26
65,bc,ESE,-83,-94,2,0.3
66,bc,ESE,-49.5,-78.5,2,0.24
67,bc,ESE,-10,-59.5,2,0.46
68,bc,ESE,1,-54,2,0.16
69,bc,ESE,26,-43,2,0.44
70,bc,ESE,46.5,-33.5,2,0.24
71,bc,ESE,66.5,-24.5,2,0.36
72,bc,ESE,82,-17.5,2,0.16
73,bc,ESE,98.5,-9.5,2,0.54
74,bc,ESE,56.5,-54.5,2,0.18
75,bc,ESE,109,-17.5,2,0.38
76,bc,ESE,116,-30.5,2,0.5
77,bc,ESE,5,-94,2,0.32
78,bc,ESE,45.5,-86.5,2,0.32
79,bc,ESE,81.5,-69.5,2,0.42
80,bc,ESE,125,-49.5,2,0.42
1,bc,SE,-27,112,2,0.26
2,bc,SE,-93,33,2,0.46
3,bc,SE,-88,35,2,0.44
4,bc,SE,-74,40,2,0.38
5,bc,SE,-61,45.5,2,0.5
6,bc,SE,-50.5,49.5,2,0.44
7,bc,SE,-33.5,57.5,2,0.4
8,bc,SE,-9.5,69,2,0.22
9,bc,SE,7,76.5,2,0.28
10,bc,SE,45,94,2,0.34
11,bc,SE,80.5,110,2,0.22
12,bc,SE,-133,21,2,0.36
13,bc,SE,-97,19,2,0.26
14,bc,SE,-84,22.5,2,0.46
15,bc,SE,-65.5,29.5,2,0.5
16,bc,SE,-47.5,36.5,2,0.48
17,bc,SE,-25,47,2,0.46
18,bc,SE,-5,56,2,0.28
19,bc,SE,13.5,64.5,2,0.16
20,bc,SE,50,81.5,2,0.18
21,bc,SE,87,97.5,2,0.14
22,bc,SE,-114.5,-8,2,0.22
23,bc,SE,-90.5,8,2,0.24
24,bc,SE,-56,33,2,0.5
25,bc,SE,-51,22,2,0.38
26,bc,SE,-46.5,11,2,0.34
27,bc,SE,-39,16,2,0.3
28,bc,SE,-39.5,-4,2,0.34
29,bc,SE,-32,0,2,0.2
30,bc,SE,-39,-11,2,0.34
31,bc,SE,6.5,52,2,0.42
32,bc,SE,65.5,74.5,2,0.52
33,bc,SE,73.5,56.5,2,0.5
34,bc,SE,-117.5,-32,2,0.18
35,bc,SE,-86.5,-35.5,2,0.18
36,bc,SE,-75,-31.5,2,0.18
37,bc,SE,-55.5,-23,2,0.14
38,bc,SE,-26,-10,2,0.4
39,bc,SE,-9,-2.5,2,0.38
40,bc,SE,6.5,4.5,2,0.52
41,bc,SE,29.5,15,2,0.54
42,bc,SE,53,26,2,0.32
43,bc,SE,67.5,32.5,2,0.32
44,bc,SE,83,39,2,0.4
45,bc,SE,120.5,56.5,2,0.24
46,bc,SE,-121,-56.5,2,0.2
47,bc,SE,-96.5,-59.5,2,0.2
48,bc,SE,-77,-59,2,0.26
49,bc,SE,-59.5,-51.5,2,0.16
50,bc,SE,-45.5,-45,2,0.2
51,bc,SE,-24.5,-19.5,2,0.18
52,bc,SE,-31,-23.5,2,0.48
53,bc,SE,-24.5,-38,2,0.52
54,bc,SE,-20,-30.5,2,0.28
55,bc,SE,-11,-50,2,0.44
56,bc,SE,38,5.5,2,0.54
57,bc,SE,74,22,2,0.36
58,bc,SE,63,0.5,2,0.34
59,bc,SE,50.5,-22.5,2,0.2
60,bc,SE,88.5,-6,2,0.22
61,bc,SE,31,0,2,0.36
62,bc,SE,39.5,-20,2,0.22
63,bc,SE,92.5,20,2,0.36
64,bc,SE,100.5,3.5,2,0.28
65,bc,SE,-83,-94,2,0.34
66,bc,SE,-49.5,-78.5,2,0.12
67,bc,SE,-10,-59.5,2,0.46
68,bc,SE,1,-54,2,0.28
69,bc,SE,26,-43,2,0.24
70,bc,SE,46.5,-33.5,2,0.2
71,bc,SE,66.5,-24.5,2,0.34
72,bc,SE,82,-17.5,2,0.26
73,bc,SE,98.5,-9.5,2,0.57
74,bc,SE,56.5,-54.5,2,0.12
75,bc,SE,109,-17.5,2,0.5
76,bc,SE,116,-30.5,2,0.57
77,bc,SE,5,-94,2,0.48
78,bc,SE,45.5,-86.5,2,0.24
79,bc,SE,81.5,-69.5,2,0.34
80,bc,SE,125,-49.5,2,0.61
1,bc,SSE,-27,112,2,0.16
2,bc,SSE,-93,33,2,0.32
3,bc,SSE,-88,35,2,0.34
4,bc,SSE,-74,40,2,0.28
5,bc,SSE,-61,45.5,2,0.4
6,bc,SSE,-50.5,49.5,2,0.57
7,bc,SSE,-33.5,57.5,2,0.34
8,bc,SSE,-9.5,69,2,0.24
9,bc,SSE,7,76.5,2,0.18
10,bc,SSE,45,94,2,0.26
11,bc,SSE,80.5,110,2,0.32
12,bc,SSE,-133,21,2,0.22
13,bc,SSE,-97,19,2,0.26
14,bc,SSE,-84,22.5,2,0.42
15,bc,SSE,-65.5,29.5,2,0.48
16,bc,SSE,-47.5,36.5,2,0.52
17,bc,SSE,-25,47,2,0.44
18,bc,SSE,-5,56,2,0.28
19,bc,SSE,13.5,64.5,2,0.14
20,bc,SSE,50,81.5,2,0.16
21,bc,SSE,87,97.5,2,0.2
22,bc,SSE,-114.5,-8,2,0.34
23,bc,SSE,-90.5,8,2,0.22
24,bc,SSE,-56,33,2,0.52
25,bc,SSE,-51,22,2,0.44
26,bc,SSE,-46.5,11,2,0.32
27,bc,SSE,-39,16,2,0.34
28,bc,SSE,-39.5,-4,2,0.26
29,bc,SSE,-32,0,2,0.26
30,bc,SSE,-39,-11,2,0.28
31,bc,SSE,6.5,52,2,0.48
32,bc,SSE,65.5,74.5,2,0.54
33,bc,SSE,73.5,56.5,2,0.61
34,bc,SSE,-117.5,-32,2,0.16
35,bc,SSE,-86.5,-35.5,2,0.16
36,bc,SSE,-75,-31.5,2,0.16
37,bc,SSE,-55.5,-23,2,0.1
38,bc,SSE,-26,-10,2,0.32
39,bc,SSE,-9,-2.5,2,0.28
40,bc,SSE,6.5,4.5,2,0.32
41,bc,SSE,29.5,15,2,0.36
42,bc,SSE,53,26,2,0.32
43,bc,SSE,67.5,32.5,2,0.4
44,bc,SSE,83,39,2,0.48
45,bc,SSE,120.5,56.5,2,0.28
46,bc,SSE,-121,-56.5,2,0.2
47,bc,SSE,-96.5,-59.5,2,0.16
48,bc,SSE,-77,-59,2,0.24
49,bc,SSE,-59.5,-51.5,2,0.26
50,bc,SSE,-45.5,-45,2,0.16
51,bc,SSE,-24.5,-19.5,2,0.22
52,bc,SSE,-31,-23.5,2,0.4
53,bc,SSE,-24.5,-38,2,0.46
54,bc,SSE,-20,-30.5,2,0.28
55,bc,SSE,-11,-50,2,0.5
56,bc,SSE,38,5.5,2,0.36
57,bc,SSE,74,22,2,0.44
58,bc,SSE,63,0.5,2,0.38
59,bc,SSE,50.5,-22.5,2,0.18
60,bc,SSE,88.5,-6,2,0.2
61,bc,SSE,31,0,2,0.18
62,bc,SSE,39.5,-20,2,0.18
63,bc,SSE,92.5,20,2,0.44
64,bc,SSE,100.5,3.5,2,0.48
65,bc,SSE,-83,-94,2,0.16
66,bc,SSE,-49.5,-78.5,2,0.12
67,bc,SSE,-10,-59.5,2,0.44
68,bc,SSE,1,-54,2,0.46
69,bc,SSE,26,-43,2,0.22
70,bc,SSE,46.5,-33.5,2,0.28
71,bc,SSE,66.5,-24.5,2,0.18
72,bc,SSE,82,-17.5,2,0.16
73,bc,SSE,98.5,-9.5,2,0.54
74,bc,SSE,56.5,-54.5,2,0.14
75,bc,SSE,109,-17.5,2,0.59
76,bc,SSE,116,-30.5,2,0.65
77,bc,SSE,5,-94,2,0.52
78,bc,SSE,45.5,-86.5,2,0.22
79,bc,SSE,81.5,-69.5,2,0.18
80,bc,SSE,125,-49.5,2,0.63
1,bc,S,-27,112,2,0.16
2,bc,S,-93,33,2,0.28
3,bc,S,-88,35,2,0.32
4,bc,S,-74,40,2,0.28
5,bc,S,-61,45.5,2,0.44
6,bc,S,-50.5,49.5,2,0.5
7,bc,S,-33.5,57.5,2,0.54
8,bc,S,-9.5,69,2,0.24
9,bc,S,7,76.5,2,0.24
10,bc,S,45,94,2,0.2
11,bc,S,80.5,110,2,0.48
12,bc,S,-133,21,2,0.22
13,bc,S,-97,19,2,0.28
14,bc,S,-84,22.5,2,0.4
15,bc,S,-65.5,29.5,2,0.44
16,bc,S,-47.5,36.5,2,0.44
17,bc,S,-25,47,2,0.36
18,bc,S,-5,56,2,0.24
19,bc,S,13.5,64.5,2,0.3
20,bc,S,50,81.5,2,0.14
21,bc,S,87,97.5,2,0.28
22,bc,S,-114.5,-8,2,0.26
23,bc,S,-90.5,8,2,0.22
24,bc,S,-56,33,2,0.46
25,bc,S,-51,22,2,0.36
26,bc,S,-46.5,11,2,0.26
27,bc,S,-39,16,2,0.28
28,bc,S,-39.5,-4,2,0.2
29,bc,S,-32,0,2,0.2
30,bc,S,-39,-11,2,0.18
31,bc,S,6.5,52,2,0.52
32,bc,S,65.5,74.5,2,0.52
33,bc,S,73.5,56.5,2,0.67
34,bc,S,-117.5,-32,2,0.18
35,bc,S,-86.5,-35.5,2,0.16
36,bc,S,-75,-31.5,2,0.24
37,bc,S,-55.5,-23,2,0.1
38,bc,S,-26,-10,2,0.24
39,bc,S,-9,-2.5,2,0.28
40,bc,S,6.5,4.5,2,0.32
41,bc,S,29.5,15,2,0.38
42,bc,S,53,26,2,0.44
43,bc,S,67.5,32.5,2,0.57
44,bc,S,83,39,2,0.55
45,bc,S,120.5,56.5,2,0.26
46,bc,S,-121,-56.5,2,0.24
47,bc,S,-96.5,-59.5,2,0.2
48,bc,S,-77,-59,2,0.26
49,bc,S,-59.5,-51.5,2,0.38
50,bc,S,-45.5,-45,2,0.14
51,bc,S,-24.5,-19.5,2,0.22
52,bc,S,-31,-23.5,2,0.26
53,bc,S,-24.5,-38,2,0.26
54,bc,S,-20,-30.5,2,0.28
55,bc,S,-11,-50,2,0.32
56,bc,S,38,5.5,2,0.44
57,bc,S,74,22,2,0.52
58,bc,S,63,0.5,2,0.42
59,bc,S,50.5,-22.5,2,0.32
60,bc,S,88.5,-6,2,0.18
61,bc,S,31,0,2,0.18
62,bc,S,39.5,-20,2,0.18
63,bc,S,92.5,20,2,0.44
64,bc,S,100.5,3.5,2,0.4
65,bc,S,-83,-94,2,0.24
66,bc,S,-49.5,-78.5,2,0.2
67,bc,S,-10,-59.5,2,0.26
68,bc,S,1,-54,2,0.42
69,bc,S,26,-43,2,0.2
70,bc,S,46.5,-33.5,2,0.44
71,bc,S,66.5,-24.5,2,0.2
72,bc,S,82,-17.5,2,0.16
73,bc,S,98.5,-9.5,2,0.32
74,bc,S,56.5,-54.5,2,0.24
75,bc,S,109,-17.5,2,0.55
76,bc,S,116,-30.5,2,0.61
77,bc,S,5,-94,2,0.36
78,bc,S,45.5,-86.5,2,0.46
79,bc,S,81.5,-69.5,2,0.38
80,bc,S,125,-49.5,2,0.63
1,bc,SSW,-27,112,2,0.24
2,bc,SSW,-93,33,2,0.34
3,bc,SSW,-88,35,2,0.34
4,bc,SSW,-74,40,2,0.34
5,bc,SSW,-61,45.5,2,0.5
6,bc,SSW,-50.5,49.5,2,0.5
7,bc,SSW,-33.5,57.5,2,0.57
8,bc,SSW,-9.5,69,2,0.38
9,bc,SSW,7,76.5,2,0.18
10,bc,SSW,45,94,2,0.28
11,bc,SSW,80.5,110,2,0.52
12,bc,SSW,-133,21,2,0.18
13,bc,SSW,-97,19,2,0.18
14,bc,SSW,-84,22.5,2,0.34
15,bc,SSW,-65.5,29.5,2,0.42
16,bc,SSW,-47.5,36.5,2,0.42
17,bc,SSW,-25,47,2,0.32
18,bc,SSW,-5,56,2,0.3
19,bc,SSW,13.5,64.5,2,0.34
20,bc,SSW,50,81.5,2,0.14
21,bc,SSW,87,97.5,2,0.52
22,bc,SSW,-114.5,-8,2,0.34
23,bc,SSW,-90.5,8,2,0.14
24,bc,SSW,-56,33,2,0.4
25,bc,SSW,-51,22,2,0.28
26,bc,SSW,-46.5,11,2,0.22
27,bc,SSW,-39,16,2,0.22
28,bc,SSW,-39.5,-4,2,0.2
29,bc,SSW,-32,0,2,0.2
30,bc,SSW,-39,-11,2,0.18
31,bc,SSW,6.5,52,2,0.32
32,bc,SSW,65.5,74.5,2,0.42
33,bc,SSW,73.5,56.5,2,0.46
34,bc,SSW,-117.5,-32,2,0.34
35,bc,SSW,-86.5,-35.5,2,0.2
36,bc,SSW,-75,-31.5,2,0.22
37,bc,SSW,-55.5,-23,2,0.12
38,bc,SSW,-26,-10,2,0.32
39,bc,SSW,-9,-2.5,2,0.38
40,bc,SSW,6.5,4.5,2,0.54
41,bc,SSW,29.5,15,2,0.5
42,bc,SSW,53,26,2,0.46
43,bc,SSW,67.5,32.5,2,0.55
44,bc,SSW,83,39,2,0.59
45,bc,SSW,120.5,56.5,2,0.24
46,bc,SSW,-121,-56.5,2,0.24
47,bc,SSW,-96.5,-59.5,2,0.22
48,bc,SSW,-77,-59,2,0.22
49,bc,SSW,-59.5,-51.5,2,0.2
50,bc,SSW,-45.5,-45,2,0.14
51,bc,SSW,-24.5,-19.5,2,0.3
52,bc,SSW,-31,-23.5,2,0.26
53,bc,SSW,-24.5,-38,2,0.24
54,bc,SSW,-20,-30.5,2,0.4
55,bc,SSW,-11,-50,2,0.22
56,bc,SSW,38,5.5,2,0.24
57,bc,SSW,74,22,2,0.55
58,bc,SSW,63,0.5,2,0.44
59,bc,SSW,50.5,-22.5,2,0.24
60,bc,SSW,88.5,-6,2,0.24
61,bc,SSW,31,0,2,0.14
62,bc,SSW,39.5,-20,2,0.14
63,bc,SSW,92.5,20,2,0.44
64,bc,SSW,100.5,3.5,2,0.26
65,bc,SSW,-83,-94,2,0.4
66,bc,SSW,-49.5,-78.5,2,0.16
67,bc,SSW,-10,-59.5,2,0.26
68,bc,SSW,1,-54,2,0.34
69,bc,SSW,26,-43,2,0.2
70,bc,SSW,46.5,-33.5,2,0.32
71,bc,SSW,66.5,-24.5,2,0.24
72,bc,SSW,82,-17.5,2,0.2
73,bc,SSW,98.5,-9.5,2,0.2
74,bc,SSW,56.5,-54.5,2,0.3
75,bc,SSW,109,-17.5,2,0.32
76,bc,SSW,116,-30.5,2,0.32
77,bc,SSW,5,-94,2,0.36
78,bc,SSW,45.5,-86.5,2,0.5
79,bc,SSW,81.5,-69.5,2,0.48
80,bc,SSW,125,-49.5,2,0.5
1,bc,SW,-27,112,2,0.26
2,bc,SW,-93,33,2,0.42
3,bc,SW,-88,35,2,0.36
4,bc,SW,-74,40,2,0.36
5,bc,SW,-61,45.5,2,0.48
6,bc,SW,-50.5,49.5,2,0.54
7,bc,SW,-33.5,57.5,2,0.55
8,bc,SW,-9.5,69,2,0.5
9,bc,SW,7,76.5,2,0.3
10,bc,SW,45,94,2,0.28
11,bc,SW,80.5,110,2,0.48
12,bc,SW,-133,21,2,0.34
13,bc,SW,-97,19,2,0.2
14,bc,SW,-84,22.5,2,0.3
15,bc,SW,-65.5,29.5,2,0.44
16,bc,SW,-47.5,36.5,2,0.44
17,bc,SW,-25,47,2,0.54
18,bc,SW,-5,56,2,0.3
19,bc,SW,13.5,64.5,2,0.3
20,bc,SW,50,81.5,2,0.2
21,bc,SW,87,97.5,2,0.59
22,bc,SW,-114.5,-8,2,0.42
23,bc,SW,-90.5,8,2,0.16
24,bc,SW,-56,33,2,0.4
25,bc,SW,-51,22,2,0.28
26,bc,SW,-46.5,11,2,0.24
27,bc,SW,-39,16,2,0.22
28,bc,SW,-39.5,-4,2,0.24
29,bc,SW,-32,0,2,0.26
30,bc,SW,-39,-11,2,0.22
31,bc,SW,6.5,52,2,0.16
32,bc,SW,65.5,74.5,2,0.36
33,bc,SW,73.5,56.5,2,0.32
34,bc,SW,-117.5,-32,2,0.4
35,bc,SW,-86.5,-35.5,2,0.36
36,bc,SW,-75,-31.5,2,0.24
37,bc,SW,-55.5,-23,2,0.16
38,bc,SW,-26,-10,2,0.44
39,bc,SW,-9,-2.5,2,0.44
40,bc,SW,6.5,4.5,2,0.55
41,bc,SW,29.5,15,2,0.5
42,bc,SW,53,26,2,0.46
43,bc,SW,67.5,32.5,2,0.55
44,bc,SW,83,39,2,0.61
45,bc,SW,120.5,56.5,2,0.34
46,bc,SW,-121,-56.5,2,0.38
47,bc,SW,-96.5,-59.5,2,0.2
48,bc,SW,-77,-59,2,0.24
49,bc,SW,-59.5,-51.5,2,0.36
50,bc,SW,-45.5,-45,2,0.18
51,bc,SW,-24.5,-19.5,2,0.26
52,bc,SW,-31,-23.5,2,0.22
53,bc,SW,-24.5,-38,2,0.22
54,bc,SW,-20,-30.5,2,0.32
55,bc,SW,-11,-50,2,0.26
56,bc,SW,38,5.5,2,0.24
57,bc,SW,74,22,2,0.61
58,bc,SW,63,0.5,2,0.5
59,bc,SW,50.5,-22.5,2,0.24
60,bc,SW,88.5,-6,2,0.4
61,bc,SW,31,0,2,0.14
62,bc,SW,39.5,-20,2,0.18
63,bc,SW,92.5,20,2,0.4
64,bc,SW,100.5,3.5,2,0.3
65,bc,SW,-83,-94,2,0.54
66,bc,SW,-49.5,-78.5,2,0.2
67,bc,SW,-10,-59.5,2,0.26
68,bc,SW,1,-54,2,0.4
69,bc,SW,26,-43,2,0.3
70,bc,SW,46.5,-33.5,2,0.4
71,bc,SW,66.5,-24.5,2,0.26
72,bc,SW,82,-17.5,2,0.26
73,bc,SW,98.5,-9.5,2,0.28
74,bc,SW,56.5,-54.5,2,0.28
75,bc,SW,109,-17.5,2,0.28
76,bc,SW,116,-30.5,2,0.34
77,bc,SW,5,-94,2,0.32
78,bc,SW,45.5,-86.5,2,0.55
79,bc,SW,81.5,-69.5,2,0.54
80,bc,SW,125,-49.5,2,0.4
1,bc,WSW,-27,112,2,0.32
2,bc,WSW,-93,33,2,0.57
3,bc,WSW,-88,35,2,0.44
4,bc,WSW,-74,40,2,0.38
5,bc,WSW,-61,45.5,2,0.42
6,bc,WSW,-50.5,49.5,2,0.48
7,bc,WSW,-33.5,57.5,2,0.48
8,bc,WSW,-9.5,69,2,0.42
9,bc,WSW,7,76.5,2,0.36
10,bc,WSW,45,94,2,0.32
11,bc,WSW,80.5,110,2,0.5
12,bc,WSW,-133,21,2,0.36
13,bc,WSW,-97,19,2,0.34
14,bc,WSW,-84,22.5,2,0.4
15,bc,WSW,-65.5,29.5,2,0.4
16,bc,WSW,-47.5,36.5,2,0.34
17,bc,WSW,-25,47,2,0.55
18,bc,WSW,-5,56,2,0.42
19,bc,WSW,13.5,64.5,2,0.52
20,bc,WSW,50,81.5,2,0.34
21,bc,WSW,87,97.5,2,0.54
22,bc,WSW,-114.5,-8,2,0.32
23,bc,WSW,-90.5,8,2,0.14
24,bc,WSW,-56,33,2,0.28
25,bc,WSW,-51,22,2,0.22
26,bc,WSW,-46.5,11,2,0.26
27,bc,WSW,-39,16,2,0.22
28,bc,WSW,-39.5,-4,2,0.34
29,bc,WSW,-32,0,2,0.34
30,bc,WSW,-39,-11,2,0.36
31,bc,WSW,6.5,52,2,0.2
32,bc,WSW,65.5,74.5,2,0.22
33,bc,WSW,73.5,56.5,2,0.22
34,bc,WSW,-117.5,-32,2,0.38
35,bc,WSW,-86.5,-35.5,2,0.36
36,bc,WSW,-75,-31.5,2,0.32
37,bc,WSW,-55.5,-23,2,0.26
38,bc,WSW,-26,-10,2,0.57
39,bc,WSW,-9,-2.5,2,0.57
40,bc,WSW,6.5,4.5,2,0.61
41,bc,WSW,29.5,15,2,0.52
42,bc,WSW,53,26,2,0.42
43,bc,WSW,67.5,32.5,2,0.44
44,bc,WSW,83,39,2,0.46
45,bc,WSW,120.5,56.5,2,0.38
46,bc,WSW,-121,-56.5,2,0.44
47,bc,WSW,-96.5,-59.5,2,0.18
48,bc,WSW,-77,-59,2,0.22
49,bc,WSW,-59.5,-51.5,2,0.38
50,bc,WSW,-45.5,-45,2,0.2
51,bc,WSW,-24.5,-19.5,2,0.3
52,bc,WSW,-31,-23.5,2,0.3
53,bc,WSW,-24.5,-38,2,0.36
54,bc,WSW,-20,-30.5,2,0.48
55,bc,WSW,-11,-50,2,0.32
56,bc,WSW,38,5.5,2,0.24
57,bc,WSW,74,22,2,0.48
58,bc,WSW,63,0.5,2,0.42
59,bc,WSW,50.5,-22.5,2,0.28
60,bc,WSW,88.5,-6,2,0.55
61,bc,WSW,31,0,2,0.16
62,bc,WSW,39.5,-20,2,0.24
63,bc,WSW,92.5,20,2,0.36
64,bc,WSW,100.5,3.5,2,0.4
65,bc,WSW,-83,-94,2,0.44
66,bc,WSW,-49.5,-78.5,2,0.44
67,bc,WSW,-10,-59.5,2,0.28
68,bc,WSW,1,-54,2,0.22
69,bc,WSW,26,-43,2,0.3
70,bc,WSW,46.5,-33.5,2,0.44
71,bc,WSW,66.5,-24.5,2,0.34
72,bc,WSW,82,-17.5,2,0.42
73,bc,WSW,98.5,-9.5,2,0.52
74,bc,WSW,56.5,-54.5,2,0.22
75,bc,WSW,109,-17.5,2,0.32
76,bc,WSW,116,-30.5,2,0.48
77,bc,WSW,5,-94,2,0.24
78,bc,WSW,45.5,-86.5,2,0.46
79,bc,WSW,81.5,-69.5,2,0.46
80,bc,WSW,125,-49.5,2,0.44
1,bc,W,-27,112,2,0.32
2,bc,W,-93,33,2,0.48
3,bc,W,-88,35,2,0.38
4,bc,W,-74,40,2,0.38
5,bc,W,-61,45.5,2,0.42
6,bc,W,-50.5,49.5,2,0.44
7,bc,W,-33.5,57.5,2,0.42
8,bc,W,-9.5,69,2,0.42
9,bc,W,7,76.5,2,0.32
10,bc,W,45,94,2,0.24
11,bc,W,80.5,110,2,0.26
12,bc,W,-133,21,2,0.46
13,bc,W,-97,19,2,0.46
14,bc,W,-84,22.5,2,0.5
15,bc,W,-65.5,29.5,2,0.42
16,bc,W,-47.5,36.5,2,0.26
17,bc,W,-25,47,2,0.5
18,bc,W,-5,56,2,0.52
19,bc,W,13.5,64.5,2,0.63
20,bc,W,50,81.5,2,0.4
21,bc,W,87,97.5,2,0.46
22,bc,W,-114.5,-8,2,0.14
23,bc,W,-90.5,8,2,0.16
24,bc,W,-56,33,2,0.32
25,bc,W,-51,22,2,0.28
26,bc,W,-46.5,11,2,0.3
27,bc,W,-39,16,2,0.26
28,bc,W,-39.5,-4,2,0.4
29,bc,W,-32,0,2,0.44
30,bc,W,-39,-11,2,0.38
31,bc,W,6.5,52,2,0.52
32,bc,W,65.5,74.5,2,0.16
33,bc,W,73.5,56.5,2,0.16
34,bc,W,-117.5,-32,2,0.38
35,bc,W,-86.5,-35.5,2,0.34
36,bc,W,-75,-31.5,2,0.28
37,bc,W,-55.5,-23,2,0.26
38,bc,W,-26,-10,2,0.63
39,bc,W,-9,-2.5,2,0.55
40,bc,W,6.5,4.5,2,0.57
41,bc,W,29.5,15,2,0.44
42,bc,W,53,26,2,0.28
43,bc,W,67.5,32.5,2,0.28
44,bc,W,83,39,2,0.26
45,bc,W,120.5,56.5,2,0.28
46,bc,W,-121,-56.5,2,0.26
47,bc,W,-96.5,-59.5,2,0.16
48,bc,W,-77,-59,2,0.18
49,bc,W,-59.5,-51.5,2,0.24
50,bc,W,-45.5,-45,2,0.16
51,bc,W,-24.5,-19.5,2,0.4
52,bc,W,-31,-23.5,2,0.22
53,bc,W,-24.5,-38,2,0.36
54,bc,W,-20,-30.5,2,0.46
55,bc,W,-11,-50,2,0.55
56,bc,W,38,5.5,2,0.26
57,bc,W,74,22,2,0.38
58,bc,W,63,0.5,2,0.44
59,bc,W,50.5,-22.5,2,0.26
60,bc,W,88.5,-6,2,0.54
61,bc,W,31,0,2,0.14
62,bc,W,39.5,-20,2,0.16
63,bc,W,92.5,20,2,0.28
64,bc,W,100.5,3.5,2,0.42
65,bc,W,-83,-94,2,0.26
66,bc,W,-49.5,-78.5,2,0.5
67,bc,W,-10,-59.5,2,0.4
68,bc,W,1,-54,2,0.28
69,bc,W,26,-43,2,0.42
70,bc,W,46.5,-33.5,2,0.46
71,bc,W,66.5,-24.5,2,0.42
72,bc,W,82,-17.5,2,0.44
73,bc,W,98.5,-9.5,2,0.54
74,bc,W,56.5,-54.5,2,0.22
75,bc,W,109,-17.5,2,0.28
76,bc,W,116,-30.5,2,0.4
77,bc,W,5,-94,2,0.3
78,bc,W,45.5,-86.5,2,0.34
79,bc,W,81.5,-69.5,2,0.32
80,bc,W,125,-49.5,2,0.32
1,bc,WNW,-27,112,2,0.3
2,bc,WNW,-93,33,2,0.32
3,bc,WNW,-88,35,2,0.2
4,bc,WNW,-74,40,2,0.24
5,bc,WNW,-61,45.5,2,0.18
6,bc,WNW,-50.5,49.5,2,0.16
7,bc,WNW,-33.5,57.5,2,0.24
8,bc,WNW,-9.5,69,2,0.32
9,bc,WNW,7,76.5,2,0.24
10,bc,WNW,45,94,2,0.16
11,bc,WNW,80.5,110,2,0.14
12,bc,WNW,-133,21,2,0.46
13,bc,WNW,-97,19,2,0.42
14,bc,WNW,-84,22.5,2,0.38
15,bc,WNW,-65.5,29.5,2,0.3
16,bc,WNW,-47.5,36.5,2,0.2
17,bc,WNW,-25,47,2,0.22
18,bc,WNW,-5,56,2,0.42
19,bc,WNW,13.5,64.5,2,0.54
20,bc,WNW,50,81.5,2,0.32
21,bc,WNW,87,97.5,2,0.26
22,bc,WNW,-114.5,-8,2,0.18
23,bc,WNW,-90.5,8,2,0.26
24,bc,WNW,-56,33,2,0.26
25,bc,WNW,-51,22,2,0.28
26,bc,WNW,-46.5,11,2,0.32
27,bc,WNW,-39,16,2,0.26
28,bc,WNW,-39.5,-4,2,0.44
29,bc,WNW,-32,0,2,0.42
30,bc,WNW,-39,-11,2,0.42
31,bc,WNW,6.5,52,2,0.54
32,bc,WNW,65.5,74.5,2,0.26
33,bc,WNW,73.5,56.5,2,0.34
34,bc,WNW,-117.5,-32,2,0.28
35,bc,WNW,-86.5,-35.5,2,0.26
36,bc,WNW,-75,-31.5,2,0.24
37,bc,WNW,-55.5,-23,2,0.32
38,bc,WNW,-26,-10,2,0.61
39,bc,WNW,-9,-2.5,2,0.5
40,bc,WNW,6.5,4.5,2,0.42
41,bc,WNW,29.5,15,2,0.28
42,bc,WNW,53,26,2,0.28
43,bc,WNW,67.5,32.5,2,0.28
44,bc,WNW,83,39,2,0.28
45,bc,WNW,120.5,56.5,2,0.28
46,bc,WNW,-121,-56.5,2,0.18
47,bc,WNW,-96.5,-59.5,2,0.24
48,bc,WNW,-77,-59,2,0.22
49,bc,WNW,-59.5,-51.5,2,0.24
50,bc,WNW,-45.5,-45,2,0.16
51,bc,WNW,-24.5,-19.5,2,0.48
52,bc,WNW,-31,-23.5,2,0.18
53,bc,WNW,-24.5,-38,2,0.28
54,bc,WNW,-20,-30.5,2,0.44
55,bc,WNW,-11,-50,2,0.55
56,bc,WNW,38,5.5,2,0.26
57,bc,WNW,74,22,2,0.34
58,bc,WNW,63,0.5,2,0.34
59,bc,WNW,50.5,-22.5,2,0.26
60,bc,WNW,88.5,-6,2,0.44
61,bc,WNW,31,0,2,0.18
62,bc,WNW,39.5,-20,2,0.16
63,bc,WNW,92.5,20,2,0.34
64,bc,WNW,100.5,3.5,2,0.42
65,bc,WNW,-83,-94,2,0.32
66,bc,WNW,-49.5,-78.5,2,0.4
67,bc,WNW,-10,-59.5,2,0.5
68,bc,WNW,1,-54,2,0.32
69,bc,WNW,26,-43,2,0.38
70,bc,WNW,46.5,-33.5,2,0.32
71,bc,WNW,66.5,-24.5,2,0.38
72,bc,WNW,82,-17.5,2,0.38
73,bc,WNW,98.5,-9.5,2,0.5
74,bc,WNW,56.5,-54.5,2,0.22
75,bc,WNW,109,-17.5,2,0.3
76,bc,WNW,116,-30.5,2,0.34
77,bc,WNW,5,-94,2,0.46
78,bc,WNW,45.5,-86.5,2,0.42
79,bc,WNW,81.5,-69.5,2,0.26
80,bc,WNW,125,-49.5,2,0.3
1,bc,NW,-27,112,2,0.38
2,bc,NW,-93,33,2,0.3
3,bc,NW,-88,35,2,0.16
4,bc,NW,-74,40,2,0.16
5,bc,NW,-61,45.5,2,0.2
6,bc,NW,-50.5,49.5,2,0.2
7,bc,NW,-33.5,57.5,2,0.3
8,bc,NW,-9.5,69,2,0.32
9,bc,NW,7,76.5,2,0.26
10,bc,NW,45,94,2,0.16
11,bc,NW,80.5,110,2,0.1
12,bc,NW,-133,21,2,0.42
13,bc,NW,-97,19,2,0.38
14,bc,NW,-84,22.5,2,0.3
15,bc,NW,-65.5,29.5,2,0.24
16,bc,NW,-47.5,36.5,2,0.32
17,bc,NW,-25,47,2,0.22
18,bc,NW,-5,56,2,0.46
19,bc,NW,13.5,64.5,2,0.4
20,bc,NW,50,81.5,2,0.28
21,bc,NW,87,97.5,2,0.2
22,bc,NW,-114.5,-8,2,0.22
23,bc,NW,-90.5,8,2,0.26
24,bc,NW,-56,33,2,0.32
25,bc,NW,-51,22,2,0.36
26,bc,NW,-46.5,11,2,0.34
27,bc,NW,-39,16,2,0.26
28,bc,NW,-39.5,-4,2,0.4
29,bc,NW,-32,0,2,0.4
30,bc,NW,-39,-11,2,0.42
31,bc,NW,6.5,52,2,0.5
32,bc,NW,65.5,74.5,2,0.34
33,bc,NW,73.5,56.5,2,0.46
34,bc,NW,-117.5,-32,2,0.3
35,bc,NW,-86.5,-35.5,2,0.3
36,bc,NW,-75,-31.5,2,0.28
37,bc,NW,-55.5,-23,2,0.26
38,bc,NW,-26,-10,2,0.48
39,bc,NW,-9,-2.5,2,0.44
40,bc,NW,6.5,4.5,2,0.24
41,bc,NW,29.5,15,2,0.32
42,bc,NW,53,26,2,0.22
43,bc,NW,67.5,32.5,2,0.16
44,bc,NW,83,39,2,0.38
45,bc,NW,120.5,56.5,2,0.28
46,bc,NW,-121,-56.5,2,0.22
47,bc,NW,-96.5,-59.5,2,0.22
48,bc,NW,-77,-59,2,0.26
49,bc,NW,-59.5,-51.5,2,0.24
50,bc,NW,-45.5,-45,2,0.14
51,bc,NW,-24.5,-19.5,2,0.5
52,bc,NW,-31,-23.5,2,0.2
53,bc,NW,-24.5,-38,2,0.2
54,bc,NW,-20,-30.5,2,0.4
55,bc,NW,-11,-50,2,0.32
56,bc,NW,38,5.5,2,0.28
57,bc,NW,74,22,2,0.26
58,bc,NW,63,0.5,2,0.46
59,bc,NW,50.5,-22.5,2,0.3
60,bc,NW,88.5,-6,2,0.46
61,bc,NW,31,0,2,0.16
62,bc,NW,39.5,-20,2,0.18
63,bc,NW,92.5,20,2,0.36
64,bc,NW,100.5,3.5,2,0.4
65,bc,NW,-83,-94,2,0.28
66,bc,NW,-49.5,-78.5,2,0.32
67,bc,NW,-10,-59.5,2,0.38
68,bc,NW,1,-54,2,0.26
69,bc,NW,26,-43,2,0.24
70,bc,NW,46.5,-33.5,2,0.28
71,bc,NW,66.5,-24.5,2,0.34
72,bc,NW,82,-17.5,2,0.38
73,bc,NW,98.5,-9.5,2,0.54
74,bc,NW,56.5,-54.5,2,0.2
75,bc,NW,109,-17.5,2,0.4
76,bc,NW,116,-30.5,2,0.4
77,bc,NW,5,-94,2,0.52
78,bc,NW,45.5,-86.5,2,0.34
79,bc,NW,81.5,-69.5,2,0.2
80,bc,NW,125,-49.5,2,0.36
1,bc,NNW,-27,112,2,0.22
2,bc,NNW,-93,33,2,0.14
3,bc,NNW,-88,35,2,0.16
4,bc,NNW,-74,40,2,0.16
5,bc,NNW,-61,45.5,2,0.28
6,bc,NNW,-50.5,49.5,2,0.36
7,bc,NNW,-33.5,57.5,2,0.34
8,bc,NNW,-9.5,69,2,0.26
9,bc,NNW,7,76.5,2,0.18
10,bc,NNW,45,94,2,0.14
11,bc,NNW,80.5,110,2,0.22
12,bc,NNW,-133,21,2,0.28
13,bc,NNW,-97,19,2,0.24
14,bc,NNW,-84,22.5,2,0.28
15,bc,NNW,-65.5,29.5,2,0.28
16,bc,NNW,-47.5,36.5,2,0.42
17,bc,NNW,-25,47,2,0.22
18,bc,NNW,-5,56,2,0.38
19,bc,NNW,13.5,64.5,2,0.3
20,bc,NNW,50,81.5,2,0.18
21,bc,NNW,87,97.5,2,0.28
22,bc,NNW,-114.5,-8,2,0.26
23,bc,NNW,-90.5,8,2,0.22
24,bc,NNW,-56,33,2,0.48
25,bc,NNW,-51,22,2,0.46
26,bc,NNW,-46.5,11,2,0.38
27,bc,NNW,-39,16,2,0.26
28,bc,NNW,-39.5,-4,2,0.4
29,bc,NNW,-32,0,2,0.42
30,bc,NNW,-39,-11,2,0.34
31,bc,NNW,6.5,52,2,0.38
32,bc,NNW,65.5,74.5,2,0.4
33,bc,NNW,73.5,56.5,2,0.46
34,bc,NNW,-117.5,-32,2,0.34
35,bc,NNW,-86.5,-35.5,2,0.4
36,bc,NNW,-75,-31.5,2,0.26
37,bc,NNW,-55.5,-23,2,0.26
38,bc,NNW,-26,-10,2,0.46
39,bc,NNW,-9,-2.5,2,0.4
40,bc,NNW,6.5,4.5,2,0.26
41,bc,NNW,29.5,15,2,0.22
42,bc,NNW,53,26,2,0.14
43,bc,NNW,67.5,32.5,2,0.2
44,bc,NNW,83,39,2,0.4
45,bc,NNW,120.5,56.5,2,0.22
46,bc,NNW,-121,-56.5,2,0.22
47,bc,NNW,-96.5,-59.5,2,0.22
48,bc,NNW,-77,-59,2,0.32
49,bc,NNW,-59.5,-51.5,2,0.22
50,bc,NNW,-45.5,-45,2,0.12
51,bc,NNW,-24.5,-19.5,2,0.54
52,bc,NNW,-31,-23.5,2,0.34
53,bc,NNW,-24.5,-38,2,0.38
54,bc,NNW,-20,-30.5,2,0.46
55,bc,NNW,-11,-50,2,0.36
56,bc,NNW,38,5.5,2,0.24
57,bc,NNW,74,22,2,0.36
58,bc,NNW,63,0.5,2,0.34
59,bc,NNW,50.5,-22.5,2,0.3
60,bc,NNW,88.5,-6,2,0.4
61,bc,NNW,31,0,2,0.16
62,bc,NNW,39.5,-20,2,0.18
63,bc,NNW,92.5,20,2,0.4
64,bc,NNW,100.5,3.5,2,0.38
65,bc,NNW,-83,-94,2,0.24
66,bc,NNW,-49.5,-78.5,2,0.22
67,bc,NNW,-10,-59.5,2,0.48
68,bc,NNW,1,-54,2,0.26
69,bc,NNW,26,-43,2,0.24
70,bc,NNW,46.5,-33.5,2,0.38
71,bc,NNW,66.5,-24.5,2,0.36
72,bc,NNW,82,-17.5,2,0.34
73,bc,NNW,98.5,-9.5,2,0.46
74,bc,NNW,56.5,-54.5,2,0.22
75,bc,NNW,109,-17.5,2,0.59
76,bc,NNW,116,-30.5,2,0.54
77,bc,NNW,5,-94,2,0.55
78,bc,NNW,45.5,-86.5,2,0.26
79,bc,NNW,81.5,-69.5,2,0.18
80,bc,NNW,125,-49.5,2,0.48
1,ac,N,-27,112,2,0.18
2,ac,N,-93,33,2,0.59
3,ac,N,-88,35,2,0.38
4,ac,N,-74,40,2,0.32
5,ac,N,-61,45.5,2,0.3
6,ac,N,-50.5,49.5,2,0.34
7,ac,N,-33.5,57.5,2,0.26
8,ac,N,-9.5,69,2,0.14
9,ac,N,7,76.5,2,0.12
10,ac,N,45,94,2,0.1
11,ac,N,80.5,110,2,0.55
12,ac,N,-133,21,2,0.3
13,ac,N,-97,19,2,0.59
14,ac,N,-84,22.5,2,0.46
15,ac,N,-65.5,29.5,2,0.4
16,ac,N,-47.5,36.5,2,0.38
17,ac,N,-25,47,2,0.2
18,ac,N,-5,56,2,0.28
19,ac,N,13.5,64.5,2,0.32
20,ac,N,50,81.5,2,0.2
21,ac,N,87,97.5,2,0.4
22,ac,N,-114.5,-8,2,0.59
23,ac,N,-90.5,8,2,0.54
24,ac,N,-56,33,2,0.46
25,ac,N,-51,22,2,0.52
26,ac,N,-46.5,11,2,0.55
27,ac,N,-39,16,2,0.48
28,ac,N,-39.5,-4,2,0.71
29,ac,N,-32,0,2,0.61
30,ac,N,-39,-11,2,0.69
31,ac,N,6.5,52,2,0.44
32,ac,N,65.5,74.5,2,0.54
33,ac,N,73.5,56.5,2,0.52
34,ac,N,-117.5,-32,2,0.32
35,ac,N,-86.5,-35.5,2,0.5
36,ac,N,-75,-31.5,2,0.32
37,ac,N,-55.5,-23,2,0.48
38,ac,N,-26,-10,2,0.61
39,ac,N,-9,-2.5,2,0.26
40,ac,N,6.5,4.5,2,0.38
41,ac,N,29.5,15,2,0.46
42,ac,N,53,26,2,0.44
43,ac,N,67.5,32.5,2,0.3
44,ac,N,83,39,2,0.46
45,ac,N,120.5,56.5,2,0.2
46,ac,N,-121,-56.5,2,0.18
47,ac,N,-96.5,-59.5,2,0.2
48,ac,N,-77,-59,2,0.36
49,ac,N,-59.5,-51.5,2,0.3
50,ac,N,-45.5,-45,2,0.26
51,ac,N,-24.5,-19.5,2,0.69
52,ac,N,-31,-23.5,2,0.63
53,ac,N,-24.5,-38,2,0.57
54,ac,N,-20,-30.5,2,0.59
55,ac,N,-11,-50,2,0.38
56,ac,N,38,5.5,2,0.67
57,ac,N,74,22,2,0.34
58,ac,N,63,0.5,2,0.85
59,ac,N,50.5,-22.5,2,0.42
60,ac,N,88.5,-6,2,0.73
61,ac,N,31,0,2,0.54
62,ac,N,39.5,-20,2,0.69
63,ac,N,92.5,20,2,0.4
64,ac,N,100.5,3.5,2,0.44
65,ac,N,-83,-94,2,0.3
66,ac,N,-49.5,-78.5,2,0.32
67,ac,N,-10,-59.5,2,0.5
68,ac,N,1,-54,2,0.28
69,ac,N,26,-43,2,0.24
70,ac,N,46.5,-33.5,2,0.34
71,ac,N,66.5,-24.5,2,0.5
72,ac,N,82,-17.5,2,0.38
73,ac,N,98.5,-9.5,2,0.52
74,ac,N,56.5,-54.5,2,0.26
75,ac,N,109,-17.5,2,0.63
76,ac,N,116,-30.5,2,0.5
77,ac,N,5,-94,2,0.46
78,ac,N,45.5,-86.5,2,0.28
79,ac,N,81.5,-69.5,2,0.32
80,ac,N,125,-49.5,2,0.54
1,ac,NNE,-27,112,2,0.18
2,ac,NNE,-93,33,2,0.63
3,ac,NNE,-88,35,2,0.46
4,ac,NNE,-74,40,2,0.4
5,ac,NNE,-61,45.5,2,0.52
6,ac,NNE,-50.5,49.5,2,0.42
7,ac,NNE,-33.5,57.5,2,0.24
8,ac,NNE,-9.5,69,2,0.14
9,ac,NNE,7,76.5,2,0.14
10,ac,NNE,45,94,2,0.14
11,ac,NNE,80.5,110,2,0.46
12,ac,NNE,-133,21,2,0.42
13,ac,NNE,-97,19,2,0.73
14,ac,NNE,-84,22.5,2,0.59
15,ac,NNE,-65.5,29.5,2,0.52
16,ac,NNE,-47.5,36.5,2,0.52
17,ac,NNE,-25,47,2,0.26
18,ac,NNE,-5,56,2,0.2
19,ac,NNE,13.5,64.5,2,0.42
20,ac,NNE,50,81.5,2,0.26
21,ac,NNE,87,97.5,2,0.54
22,ac,NNE,-114.5,-8,2,0.69
23,ac,NNE,-90.5,8,2,0.5
24,ac,NNE,-56,33,2,0.54
25,ac,NNE,-51,22,2,0.5
26,ac,NNE,-46.5,11,2,0.5
27,ac,NNE,-39,16,2,0.28
28,ac,NNE,-39.5,-4,2,0.61
29,ac,NNE,-32,0,2,0.38
30,ac,NNE,-39,-11,2,0.67
31,ac,NNE,6.5,52,2,0.4
32,ac,NNE,65.5,74.5,2,0.38
33,ac,NNE,73.5,56.5,2,0.32
34,ac,NNE,-117.5,-32,2,0.38
35,ac,NNE,-86.5,-35.5,2,0.36
36,ac,NNE,-75,-31.5,2,0.69
37,ac,NNE,-55.5,-23,2,0.69
38,ac,NNE,-26,-10,2,0.5
39,ac,NNE,-9,-2.5,2,0.28
40,ac,NNE,6.5,4.5,2,0.52
41,ac,NNE,29.5,15,2,0.4
42,ac,NNE,53,26,2,0.48
43,ac,NNE,67.5,32.5,2,0.4
44,ac,NNE,83,39,2,0.34
45,ac,NNE,120.5,56.5,2,0.18
46,ac,NNE,-121,-56.5,2,0.26
47,ac,NNE,-96.5,-59.5,2,0.3
48,ac,NNE,-77,-59,2,0.48
49,ac,NNE,-59.5,-51.5,2,0.65
50,ac,NNE,-45.5,-45,2,0.46
51,ac,NNE,-24.5,-19.5,2,0.69
52,ac,NNE,-31,-23.5,2,0.71
53,ac,NNE,-24.5,-38,2,0.65
54,ac,NNE,-20,-30.5,2,0.69
55,ac,NNE,-11,-50,2,0.38
56,ac,NNE,38,5.5,2,0.65
57,ac,NNE,74,22,2,0.38
58,ac,NNE,63,0.5,2,0.65
59,ac,NNE,50.5,-22.5,2,0.38
60,ac,NNE,88.5,-6,2,0.69
61,ac,NNE,31,0,2,0.55
62,ac,NNE,39.5,-20,2,0.71
63,ac,NNE,92.5,20,2,0.3
64,ac,NNE,100.5,3.5,2,0.44
65,ac,NNE,-83,-94,2,0.42
66,ac,NNE,-49.5,-78.5,2,0.38
67,ac,NNE,-10,-59.5,2,0.5
68,ac,NNE,1,-54,2,0.34
69,ac,NNE,26,-43,2,0.28
70,ac,NNE,46.5,-33.5,2,0.3
71,ac,NNE,66.5,-24.5,2,0.61
72,ac,NNE,82,-17.5,2,0.52
73,ac,NNE,98.5,-9.5,2,0.54
74,ac,NNE,56.5,-54.5,2,0.16
75,ac,NNE,109,-17.5,2,0.57
76,ac,NNE,116,-30.5,2,0.48
77,ac,NNE,5,-94,2,0.44
78,ac,NNE,45.5,-86.5,2,0.32
79,ac,NNE,81.5,-69.5,2,0.44
80,ac,NNE,125,-49.5,2,0.46
1,ac,NE,-27,112,2,0.26
2,ac,NE,-93,33,2,0.73
3,ac,NE,-88,35,2,0.55
4,ac,NE,-74,40,2,0.59
5,ac,NE,-61,45.5,2,0.57
6,ac,NE,-50.5,49.5,2,0.42
7,ac,NE,-33.5,57.5,2,0.28
8,ac,NE,-9.5,69,2,0.22
9,ac,NE,7,76.5,2,0.26
10,ac,NE,45,94,2,0.26
11,ac,NE,80.5,110,2,0.5
12,ac,NE,-133,21,2,0.36
13,ac,NE,-97,19,2,0.67
14,ac,NE,-84,22.5,2,0.69
15,ac,NE,-65.5,29.5,2,0.73
16,ac,NE,-47.5,36.5,2,0.44
17,ac,NE,-25,47,2,0.3
18,ac,NE,-5,56,2,0.24
19,ac,NE,13.5,64.5,2,0.52
20,ac,NE,50,81.5,2,0.34
21,ac,NE,87,97.5,2,0.5
22,ac,NE,-114.5,-8,2,0.46
23,ac,NE,-90.5,8,2,0.38
24,ac,NE,-56,33,2,0.65
25,ac,NE,-51,22,2,0.52
26,ac,NE,-46.5,11,2,0.5
27,ac,NE,-39,16,2,0.46
28,ac,NE,-39.5,-4,2,0.79
29,ac,NE,-32,0,2,0.65
30,ac,NE,-39,-11,2,0.69
31,ac,NE,6.5,52,2,0.34
32,ac,NE,65.5,74.5,2,0.22
33,ac,NE,73.5,56.5,2,0.22
34,ac,NE,-117.5,-32,2,0.32
35,ac,NE,-86.5,-35.5,2,0.5
36,ac,NE,-75,-31.5,2,0.87
37,ac,NE,-55.5,-23,2,0.85
38,ac,NE,-26,-10,2,0.63
39,ac,NE,-9,-2.5,2,0.32
40,ac,NE,6.5,4.5,2,0.46
41,ac,NE,29.5,15,2,0.44
42,ac,NE,53,26,2,0.54
43,ac,NE,67.5,32.5,2,0.46
44,ac,NE,83,39,2,0.32
45,ac,NE,120.5,56.5,2,0.16
46,ac,NE,-121,-56.5,2,0.16
47,ac,NE,-96.5,-59.5,2,0.2
48,ac,NE,-77,-59,2,0.34
49,ac,NE,-59.5,-51.5,2,0.24
50,ac,NE,-45.5,-45,2,0.36
51,ac,NE,-24.5,-19.5,2,0.65
52,ac,NE,-31,-23.5,2,0.36
53,ac,NE,-24.5,-38,2,0.42
54,ac,NE,-20,-30.5,2,0.48
55,ac,NE,-11,-50,2,0.24
56,ac,NE,38,5.5,2,0.65
57,ac,NE,74,22,2,0.5
58,ac,NE,63,0.5,2,0.61
59,ac,NE,50.5,-22.5,2,0.36
60,ac,NE,88.5,-6,2,0.73
61,ac,NE,31,0,2,0.59
62,ac,NE,39.5,-20,2,0.63
63,ac,NE,92.5,20,2,0.4
64,ac,NE,100.5,3.5,2,0.57
65,ac,NE,-83,-94,2,0.5
66,ac,NE,-49.5,-78.5,2,0.38
67,ac,NE,-10,-59.5,2,0.36
68,ac,NE,1,-54,2,0.46
69,ac,NE,26,-43,2,0.32
70,ac,NE,46.5,-33.5,2,0.24
71,ac,NE,66.5,-24.5,2,0.59
72,ac,NE,82,-17.5,2,0.55
73,ac,NE,98.5,-9.5,2,0.57
74,ac,NE,56.5,-54.5,2,0.1
75,ac,NE,109,-17.5,2,0.42
76,ac,NE,116,-30.5,2,0.3
77,ac,NE,5,-94,2,0.54
78,ac,NE,45.5,-86.5,2,0.42
79,ac,NE,81.5,-69.5,2,0.46
80,ac,NE,125,-49.5,2,0.44
1,ac,ENE,-27,112,2,0.26
2,ac,ENE,-93,33,2,1.07
3,ac,ENE,-88,35,2,0.81
4,ac,ENE,-74,40,2,0.75
5,ac,ENE,-61,45.5,2,0.54
6,ac,ENE,-50.5,49.5,2,0.44
7,ac,ENE,-33.5,57.5,2,0.28
8,ac,ENE,-9.5,69,2,0.28
9,ac,ENE,7,76.5,2,0.28
10,ac,ENE,45,94,2,0.32
11,ac,ENE,80.5,110,2,0.46
12,ac,ENE,-133,21,2,0.65
13,ac,ENE,-97,19,2,0.97
14,ac,ENE,-84,22.5,2,1.03
15,ac,ENE,-65.5,29.5,2,0.79
16,ac,ENE,-47.5,36.5,2,0.34
17,ac,ENE,-25,47,2,0.34
18,ac,ENE,-5,56,2,0.22
19,ac,ENE,13.5,64.5,2,0.36
20,ac,ENE,50,81.5,2,0.32
21,ac,ENE,87,97.5,2,0.42
22,ac,ENE,-114.5,-8,2,0.54
23,ac,ENE,-90.5,8,2,0.42
24,ac,ENE,-56,33,2,0.73
25,ac,ENE,-51,22,2,0.57
26,ac,ENE,-46.5,11,2,0.5
27,ac,ENE,-39,16,2,0.55
28,ac,ENE,-39.5,-4,2,0.61
29,ac,ENE,-32,0,2,0.63
30,ac,ENE,-39,-11,2,0.63
31,ac,ENE,6.5,52,2,0.22
32,ac,ENE,65.5,74.5,2,0.18
33,ac,ENE,73.5,56.5,2,0.2
34,ac,ENE,-117.5,-32,2,0.36
35,ac,ENE,-86.5,-35.5,2,0.61
36,ac,ENE,-75,-31.5,2,0.93
37,ac,ENE,-55.5,-23,2,0.93
38,ac,ENE,-26,-10,2,0.5
39,ac,ENE,-9,-2.5,2,0.22
40,ac,ENE,6.5,4.5,2,0.32
41,ac,ENE,29.5,15,2,0.36
42,ac,ENE,53,26,2,0.5
43,ac,ENE,67.5,32.5,2,0.46
44,ac,ENE,83,39,2,0.36
45,ac,ENE,120.5,56.5,2,0.18
46,ac,ENE,-121,-56.5,2,0.24
47,ac,ENE,-96.5,-59.5,2,0.36
48,ac,ENE,-77,-59,2,0.36
49,ac,ENE,-59.5,-51.5,2,0.3
50,ac,ENE,-45.5,-45,2,0.4
51,ac,ENE,-24.5,-19.5,2,0.52
52,ac,ENE,-31,-23.5,2,0.36
53,ac,ENE,-24.5,-38,2,0.5
54,ac,ENE,-20,-30.5,2,0.5
55,ac,ENE,-11,-50,2,0.3
56,ac,ENE,38,5.5,2,0.38
57,ac,ENE,74,22,2,0.59
58,ac,ENE,63,0.5,2,0.36
59,ac,ENE,50.5,-22.5,2,0.36
60,ac,ENE,88.5,-6,2,0.54
61,ac,ENE,31,0,2,0.38
62,ac,ENE,39.5,-20,2,0.38
63,ac,ENE,92.5,20,2,0.5
64,ac,ENE,100.5,3.5,2,0.4
65,ac,ENE,-83,-94,2,0.42
66,ac,ENE,-49.5,-78.5,2,0.3
67,ac,ENE,-10,-59.5,2,0.32
68,ac,ENE,1,-54,2,0.2
69,ac,ENE,26,-43,2,0.22
70,ac,ENE,46.5,-33.5,2,0.4
71,ac,ENE,66.5,-24.5,2,0.46
72,ac,ENE,82,-17.5,2,0.5
73,ac,ENE,98.5,-9.5,2,0.3
74,ac,ENE,56.5,-54.5,2,0.1
75,ac,ENE,109,-17.5,2,0.24
76,ac,ENE,116,-30.5,2,0.24
77,ac,ENE,5,-94,2,0.28
78,ac,ENE,45.5,-86.5,2,0.36
79,ac,ENE,81.5,-69.5,2,0.36
80,ac,ENE,125,-49.5,2,0.46
1,ac,E,-27,112,2,0.22
2,ac,E,-93,33,2,1.37
3,ac,E,-88,35,2,0.95
4,ac,E,-74,40,2,0.77
5,ac,E,-61,45.5,2,0.59
6,ac,E,-50.5,49.5,2,0.44
7,ac,E,-33.5,57.5,2,0.3
8,ac,E,-9.5,69,2,0.3
9,ac,E,7,76.5,2,0.3
10,ac,E,45,94,2,0.36
11,ac,E,80.5,110,2,0.36
12,ac,E,-133,21,2,0.57
13,ac,E,-97,19,2,0.81
14,ac,E,-84,22.5,2,1.03
15,ac,E,-65.5,29.5,2,0.87
16,ac,E,-47.5,36.5,2,0.46
17,ac,E,-25,47,2,0.32
18,ac,E,-5,56,2,0.2
19,ac,E,13.5,64.5,2,0.3
20,ac,E,50,81.5,2,0.3
21,ac,E,87,97.5,2,0.28
22,ac,E,-114.5,-8,2,0.34
23,ac,E,-90.5,8,2,0.32
24,ac,E,-56,33,2,0.83
25,ac,E,-51,22,2,0.63
26,ac,E,-46.5,11,2,0.46
27,ac,E,-39,16,2,0.54
28,ac,E,-39.5,-4,2,0.46
29,ac,E,-32,0,2,0.48
30,ac,E,-39,-11,2,0.48
31,ac,E,6.5,52,2,0.24
32,ac,E,65.5,74.5,2,0.26
33,ac,E,73.5,56.5,2,0.34
34,ac,E,-117.5,-32,2,0.42
35,ac,E,-86.5,-35.5,2,0.5
36,ac,E,-75,-31.5,2,0.89
37,ac,E,-55.5,-23,2,0.73
38,ac,E,-26,-10,2,0.44
39,ac,E,-9,-2.5,2,0.22
40,ac,E,6.5,4.5,2,0.2
41,ac,E,29.5,15,2,0.28
42,ac,E,53,26,2,0.59
43,ac,E,67.5,32.5,2,0.52
44,ac,E,83,39,2,0.48
45,ac,E,120.5,56.5,2,0.18
46,ac,E,-121,-56.5,2,0.16
47,ac,E,-96.5,-59.5,2,0.44
48,ac,E,-77,-59,2,0.32
49,ac,E,-59.5,-51.5,2,0.34
50,ac,E,-45.5,-45,2,0.34
51,ac,E,-24.5,-19.5,2,0.46
52,ac,E,-31,-23.5,2,0.38
53,ac,E,-24.5,-38,2,0.44
54,ac,E,-20,-30.5,2,0.42
55,ac,E,-11,-50,2,0.2
56,ac,E,38,5.5,2,0.26
57,ac,E,74,22,2,0.71
58,ac,E,63,0.5,2,0.54
59,ac,E,50.5,-22.5,2,0.52
60,ac,E,88.5,-6,2,0.42
61,ac,E,31,0,2,0.28
62,ac,E,39.5,-20,2,0.59
63,ac,E,92.5,20,2,0.54
64,ac,E,100.5,3.5,2,0.22
65,ac,E,-83,-94,2,0.5
66,ac,E,-49.5,-78.5,2,0.32
67,ac,E,-10,-59.5,2,0.26
68,ac,E,1,-54,2,0.16
69,ac,E,26,-43,2,0.22
70,ac,E,46.5,-33.5,2,0.46
71,ac,E,66.5,-24.5,2,0.4
72,ac,E,82,-17.5,2,0.46
73,ac,E,98.5,-9.5,2,0.28
74,ac,E,56.5,-54.5,2,0.1
75,ac,E,109,-17.5,2,0.2
76,ac,E,116,-30.5,2,0.34
77,ac,E,5,-94,2,0.28
78,ac,E,45.5,-86.5,2,0.38
79,ac,E,81.5,-69.5,2,0.22
80,ac,E,125,-49.5,2,0.34
1,ac,ESE,-27,112,2,0.28
2,ac,ESE,-93,33,2,1.33
3,ac,ESE,-88,35,2,0.99
4,ac,ESE,-74,40,2,0.79
5,ac,ESE,-61,45.5,2,0.61
6,ac,ESE,-50.5,49.5,2,0.46
7,ac,ESE,-33.5,57.5,2,0.38
8,ac,ESE,-9.5,69,2,0.24
9,ac,ESE,7,76.5,2,0.3
10,ac,ESE,45,94,2,0.36
11,ac,ESE,80.5,110,2,0.2
12,ac,ESE,-133,21,2,0.26
13,ac,ESE,-97,19,2,0.42
14,ac,ESE,-84,22.5,2,0.54
15,ac,ESE,-65.5,29.5,2,0.91
16,ac,ESE,-47.5,36.5,2,0.57
17,ac,ESE,-25,47,2,0.4
18,ac,ESE,-5,56,2,0.2
19,ac,ESE,13.5,64.5,2,0.2
20,ac,ESE,50,81.5,2,0.22
21,ac,ESE,87,97.5,2,0.14
22,ac,ESE,-114.5,-8,2,0.4
23,ac,ESE,-90.5,8,2,0.32
24,ac,ESE,-56,33,2,0.81
25,ac,ESE,-51,22,2,0.61
26,ac,ESE,-46.5,11,2,0.42
27,ac,ESE,-39,16,2,0.48
28,ac,ESE,-39.5,-4,2,0.28
29,ac,ESE,-32,0,2,0.26
30,ac,ESE,-39,-11,2,0.28
31,ac,ESE,6.5,52,2,0.3
32,ac,ESE,65.5,74.5,2,0.46
33,ac,ESE,73.5,56.5,2,0.5
34,ac,ESE,-117.5,-32,2,0.36
35,ac,ESE,-86.5,-35.5,2,0.54
36,ac,ESE,-75,-31.5,2,0.89
37,ac,ESE,-55.5,-23,2,0.59
38,ac,ESE,-26,-10,2,0.28
39,ac,ESE,-9,-2.5,2,0.24
40,ac,ESE,6.5,4.5,2,0.3
41,ac,ESE,29.5,15,2,0.26
42,ac,ESE,53,26,2,0.5
43,ac,ESE,67.5,32.5,2,0.52
44,ac,ESE,83,39,2,0.48
45,ac,ESE,120.5,56.5,2,0.2
46,ac,ESE,-121,-56.5,2,0.16
47,ac,ESE,-96.5,-59.5,2,0.54
48,ac,ESE,-77,-59,2,0.38
49,ac,ESE,-59.5,-51.5,2,0.38
50,ac,ESE,-45.5,-45,2,0.2
51,ac,ESE,-24.5,-19.5,2,0.24
52,ac,ESE,-31,-23.5,2,0.28
53,ac,ESE,-24.5,-38,2,0.32
54,ac,ESE,-20,-30.5,2,0.22
55,ac,ESE,-11,-50,2,0.22
56,ac,ESE,38,5.5,2,0.34
57,ac,ESE,74,22,2,0.73
58,ac,ESE,63,0.5,2,0.63
59,ac,ESE,50.5,-22.5,2,0.5
60,ac,ESE,88.5,-6,2,0.26
61,ac,ESE,31,0,2,0.34
62,ac,ESE,39.5,-20,2,0.55
63,ac,ESE,92.5,20,2,0.48
64,ac,ESE,100.5,3.5,2,0.18
65,ac,ESE,-83,-94,2,0.3
66,ac,ESE,-49.5,-78.5,2,0.36
67,ac,ESE,-10,-59.5,2,0.32
68,ac,ESE,1,-54,2,0.14
69,ac,ESE,26,-43,2,0.38
70,ac,ESE,46.5,-33.5,2,0.3
71,ac,ESE,66.5,-24.5,2,0.36
72,ac,ESE,82,-17.5,2,0.38
73,ac,ESE,98.5,-9.5,2,0.36
74,ac,ESE,56.5,-54.5,2,0.18
75,ac,ESE,109,-17.5,2,0.26
76,ac,ESE,116,-30.5,2,0.42
77,ac,ESE,5,-94,2,0.24
78,ac,ESE,45.5,-86.5,2,0.32
79,ac,ESE,81.5,-69.5,2,0.42
80,ac,ESE,125,-49.5,2,0.42
1,ac,SE,-27,112,2,0.22
2,ac,SE,-93,33,2,0.61
3,ac,SE,-88,35,2,0.75
4,ac,SE,-74,40,2,0.67
5,ac,SE,-61,45.5,2,0.55
6,ac,SE,-50.5,49.5,2,0.55
7,ac,SE,-33.5,57.5,2,0.34
8,ac,SE,-9.5,69,2,0.22
9,ac,SE,7,76.5,2,0.2
10,ac,SE,45,94,2,0.3
11,ac,SE,80.5,110,2,0.2
12,ac,SE,-133,21,2,0.22
13,ac,SE,-97,19,2,0.4
14,ac,SE,-84,22.5,2,0.42
15,ac,SE,-65.5,29.5,2,0.85
16,ac,SE,-47.5,36.5,2,0.57
17,ac,SE,-25,47,2,0.4
18,ac,SE,-5,56,2,0.26
19,ac,SE,13.5,64.5,2,0.14
20,ac,SE,50,81.5,2,0.16
21,ac,SE,87,97.5,2,0.14
22,ac,SE,-114.5,-8,2,0.38
23,ac,SE,-90.5,8,2,0.24
24,ac,SE,-56,33,2,0.77
25,ac,SE,-51,22,2,0.61
26,ac,SE,-46.5,11,2,0.5
27,ac,SE,-39,16,2,0.48
28,ac,SE,-39.5,-4,2,0.4
29,ac,SE,-32,0,2,0.3
30,ac,SE,-39,-11,2,0.34
31,ac,SE,6.5,52,2,0.44
32,ac,SE,65.5,74.5,2,0.46
33,ac,SE,73.5,56.5,2,0.5
34,ac,SE,-117.5,-32,2,0.3
35,ac,SE,-86.5,-35.5,2,0.42
36,ac,SE,-75,-31.5,2,0.79
37,ac,SE,-55.5,-23,2,0.57
38,ac,SE,-26,-10,2,0.28
39,ac,SE,-9,-2.5,2,0.22
40,ac,SE,6.5,4.5,2,0.32
41,ac,SE,29.5,15,2,0.32
42,ac,SE,53,26,2,0.44
43,ac,SE,67.5,32.5,2,0.38
44,ac,SE,83,39,2,0.4
45,ac,SE,120.5,56.5,2,0.26
46,ac,SE,-121,-56.5,2,0.18
47,ac,SE,-96.5,-59.5,2,0.36
48,ac,SE,-77,-59,2,0.38
49,ac,SE,-59.5,-51.5,2,0.3
50,ac,SE,-45.5,-45,2,0.18
51,ac,SE,-24.5,-19.5,2,0.2
52,ac,SE,-31,-23.5,2,0.18
53,ac,SE,-24.5,-38,2,0.32
54,ac,SE,-20,-30.5,2,0.14
55,ac,SE,-11,-50,2,0.28
56,ac,SE,38,5.5,2,0.48
57,ac,SE,74,22,2,0.63
58,ac,SE,63,0.5,2,0.61
59,ac,SE,50.5,-22.5,2,0.46
60,ac,SE,88.5,-6,2,0.26
61,ac,SE,31,0,2,0.48
62,ac,SE,39.5,-20,2,0.5
63,ac,SE,92.5,20,2,0.4
64,ac,SE,100.5,3.5,2,0.34
65,ac,SE,-83,-94,2,0.24
66,ac,SE,-49.5,-78.5,2,0.2
67,ac,SE,-10,-59.5,2,0.34
68,ac,SE,1,-54,2,0.3
69,ac,SE,26,-43,2,0.2
70,ac,SE,46.5,-33.5,2,0.24
71,ac,SE,66.5,-24.5,2,0.28
72,ac,SE,82,-17.5,2,0.28
73,ac,SE,98.5,-9.5,2,0.38
74,ac,SE,56.5,-54.5,2,0.1
75,ac,SE,109,-17.5,2,0.46
76,ac,SE,116,-30.5,2,0.5
77,ac,SE,5,-94,2,0.4
78,ac,SE,45.5,-86.5,2,0.22
79,ac,SE,81.5,-69.5,2,0.28
80,ac,SE,125,-49.5,2,0.55
1,ac,SSE,-27,112,2,0.16
2,ac,SSE,-93,33,2,0.28
3,ac,SSE,-88,35,2,0.32
4,ac,SSE,-74,40,2,0.38
5,ac,SSE,-61,45.5,2,0.5
6,ac,SSE,-50.5,49.5,2,0.55
7,ac,SSE,-33.5,57.5,2,0.26
8,ac,SSE,-9.5,69,2,0.3
9,ac,SSE,7,76.5,2,0.18
10,ac,SSE,45,94,2,0.24
11,ac,SSE,80.5,110,2,0.3
12,ac,SSE,-133,21,2,0.14
13,ac,SSE,-97,19,2,0.22
14,ac,SSE,-84,22.5,2,0.38
15,ac,SSE,-65.5,29.5,2,0.75
16,ac,SSE,-47.5,36.5,2,0.55
17,ac,SSE,-25,47,2,0.48
18,ac,SSE,-5,56,2,0.3
19,ac,SSE,13.5,64.5,2,0.16
20,ac,SSE,50,81.5,2,0.16
21,ac,SSE,87,97.5,2,0.2
22,ac,SSE,-114.5,-8,2,0.44
23,ac,SSE,-90.5,8,2,0.18
24,ac,SSE,-56,33,2,0.73
25,ac,SSE,-51,22,2,0.63
26,ac,SSE,-46.5,11,2,0.61
27,ac,SSE,-39,16,2,0.55
28,ac,SSE,-39.5,-4,2,0.65
29,ac,SSE,-32,0,2,0.44
30,ac,SSE,-39,-11,2,0.52
31,ac,SSE,6.5,52,2,0.46
32,ac,SSE,65.5,74.5,2,0.46
33,ac,SSE,73.5,56.5,2,0.52
34,ac,SSE,-117.5,-32,2,0.22
35,ac,SSE,-86.5,-35.5,2,0.3
36,ac,SSE,-75,-31.5,2,0.59
37,ac,SSE,-55.5,-23,2,0.57
38,ac,SSE,-26,-10,2,0.38
39,ac,SSE,-9,-2.5,2,0.24
40,ac,SSE,6.5,4.5,2,0.4
41,ac,SSE,29.5,15,2,0.36
42,ac,SSE,53,26,2,0.32
43,ac,SSE,67.5,32.5,2,0.28
44,ac,SSE,83,39,2,0.46
45,ac,SSE,120.5,56.5,2,0.28
46,ac,SSE,-121,-56.5,2,0.18
47,ac,SSE,-96.5,-59.5,2,0.22
48,ac,SSE,-77,-59,2,0.28
49,ac,SSE,-59.5,-51.5,2,0.18
50,ac,SSE,-45.5,-45,2,0.16
51,ac,SSE,-24.5,-19.5,2,0.3
52,ac,SSE,-31,-23.5,2,0.2
53,ac,SSE,-24.5,-38,2,0.3
54,ac,SSE,-20,-30.5,2,0.22
55,ac,SSE,-11,-50,2,0.4
56,ac,SSE,38,5.5,2,0.54
57,ac,SSE,74,22,2,0.57
58,ac,SSE,63,0.5,2,0.61
59,ac,SSE,50.5,-22.5,2,0.32
60,ac,SSE,88.5,-6,2,0.44
61,ac,SSE,31,0,2,0.28
62,ac,SSE,39.5,-20,2,0.3
63,ac,SSE,92.5,20,2,0.52
64,ac,SSE,100.5,3.5,2,0.48
65,ac,SSE,-83,-94,2,0.2
66,ac,SSE,-49.5,-78.5,2,0.1
67,ac,SSE,-10,-59.5,2,0.36
68,ac,SSE,1,-54,2,0.5
69,ac,SSE,26,-43,2,0.18
70,ac,SSE,46.5,-33.5,2,0.18
71,ac,SSE,66.5,-24.5,2,0.26
72,ac,SSE,82,-17.5,2,0.3
73,ac,SSE,98.5,-9.5,2,0.38
74,ac,SSE,56.5,-54.5,2,0.12
75,ac,SSE,109,-17.5,2,0.54
76,ac,SSE,116,-30.5,2,0.59
77,ac,SSE,5,-94,2,0.48
78,ac,SSE,45.5,-86.5,2,0.24
79,ac,SSE,81.5,-69.5,2,0.18
80,ac,SSE,125,-49.5,2,0.59
1,ac,S,-27,112,2,0.16
2,ac,S,-93,33,2,0.5
3,ac,S,-88,35,2,0.48
4,ac,S,-74,40,2,0.5
5,ac,S,-61,45.5,2,0.44
6,ac,S,-50.5,49.5,2,0.48
7,ac,S,-33.5,57.5,2,0.32
8,ac,S,-9.5,69,2,0.28
9,ac,S,7,76.5,2,0.24
10,ac,S,45,94,2,0.3
11,ac,S,80.5,110,2,0.48
12,ac,S,-133,21,2,0.16
13,ac,S,-97,19,2,0.59
14,ac,S,-84,22.5,2,0.69
15,ac,S,-65.5,29.5,2,0.55
16,ac,S,-47.5,36.5,2,0.54
17,ac,S,-25,47,2,0.42
18,ac,S,-5,56,2,0.28
19,ac,S,13.5,64.5,2,0.22
20,ac,S,50,81.5,2,0.18
21,ac,S,87,97.5,2,0.38
22,ac,S,-114.5,-8,2,0.42
23,ac,S,-90.5,8,2,0.4
24,ac,S,-56,33,2,0.81
25,ac,S,-51,22,2,0.77
26,ac,S,-46.5,11,2,0.85
27,ac,S,-39,16,2,0.75
28,ac,S,-39.5,-4,2,0.83
29,ac,S,-32,0,2,0.52
30,ac,S,-39,-11,2,0.69
31,ac,S,6.5,52,2,0.55
32,ac,S,65.5,74.5,2,0.67
33,ac,S,73.5,56.5,2,0.65
34,ac,S,-117.5,-32,2,0.22
35,ac,S,-86.5,-35.5,2,0.22
36,ac,S,-75,-31.5,2,0.36
37,ac,S,-55.5,-23,2,0.54
38,ac,S,-26,-10,2,0.55
39,ac,S,-9,-2.5,2,0.3
40,ac,S,6.5,4.5,2,0.4
41,ac,S,29.5,15,2,0.67
42,ac,S,53,26,2,0.38
43,ac,S,67.5,32.5,2,0.36
44,ac,S,83,39,2,0.55
45,ac,S,120.5,56.5,2,0.28
46,ac,S,-121,-56.5,2,0.24
47,ac,S,-96.5,-59.5,2,0.2
48,ac,S,-77,-59,2,0.26
49,ac,S,-59.5,-51.5,2,0.28
50,ac,S,-45.5,-45,2,0.14
51,ac,S,-24.5,-19.5,2,0.32
52,ac,S,-31,-23.5,2,0.16
53,ac,S,-24.5,-38,2,0.18
54,ac,S,-20,-30.5,2,0.24
55,ac,S,-11,-50,2,0.24
56,ac,S,38,5.5,2,0.91
57,ac,S,74,22,2,0.48
58,ac,S,63,0.5,2,0.89
59,ac,S,50.5,-22.5,2,0.3
60,ac,S,88.5,-6,2,0.75
61,ac,S,31,0,2,0.52
62,ac,S,39.5,-20,2,0.32
63,ac,S,92.5,20,2,0.69
64,ac,S,100.5,3.5,2,0.55
65,ac,S,-83,-94,2,0.24
66,ac,S,-49.5,-78.5,2,0.18
67,ac,S,-10,-59.5,2,0.22
68,ac,S,1,-54,2,0.4
69,ac,S,26,-43,2,0.16
70,ac,S,46.5,-33.5,2,0.32
71,ac,S,66.5,-24.5,2,0.44
72,ac,S,82,-17.5,2,0.48
73,ac,S,98.5,-9.5,2,0.38
74,ac,S,56.5,-54.5,2,0.24
75,ac,S,109,-17.5,2,0.44
76,ac,S,116,-30.5,2,0.54
77,ac,S,5,-94,2,0.32
78,ac,S,45.5,-86.5,2,0.52
79,ac,S,81.5,-69.5,2,0.4
80,ac,S,125,-49.5,2,0.63
1,ac,SSW,-27,112,2,0.2
2,ac,SSW,-93,33,2,0.65
3,ac,SSW,-88,35,2,0.71
4,ac,SSW,-74,40,2,0.87
5,ac,SSW,-61,45.5,2,0.91
6,ac,SSW,-50.5,49.5,2,0.61
7,ac,SSW,-33.5,57.5,2,0.42
8,ac,SSW,-9.5,69,2,0.2
9,ac,SSW,7,76.5,2,0.18
10,ac,SSW,45,94,2,0.26
11,ac,SSW,80.5,110,2,0.34
12,ac,SSW,-133,21,2,0.16
13,ac,SSW,-97,19,2,0.73
14,ac,SSW,-84,22.5,2,1.17
15,ac,SSW,-65.5,29.5,2,0.67
16,ac,SSW,-47.5,36.5,2,0.4
17,ac,SSW,-25,47,2,0.32
18,ac,SSW,-5,56,2,0.22
19,ac,SSW,13.5,64.5,2,0.42
20,ac,SSW,50,81.5,2,0.16
21,ac,SSW,87,97.5,2,0.34
22,ac,SSW,-114.5,-8,2,0.3
23,ac,SSW,-90.5,8,2,0.55
24,ac,SSW,-56,33,2,0.63
25,ac,SSW,-51,22,2,0.57
26,ac,SSW,-46.5,11,2,0.61
27,ac,SSW,-39,16,2,0.85
28,ac,SSW,-39.5,-4,2,0.91
29,ac,SSW,-32,0,2,0.55
30,ac,SSW,-39,-11,2,0.77
31,ac,SSW,6.5,52,2,0.4
32,ac,SSW,65.5,74.5,2,0.4
33,ac,SSW,73.5,56.5,2,0.61
34,ac,SSW,-117.5,-32,2,0.2
35,ac,SSW,-86.5,-35.5,2,0.22
36,ac,SSW,-75,-31.5,2,0.42
37,ac,SSW,-55.5,-23,2,0.54
38,ac,SSW,-26,-10,2,0.63
39,ac,SSW,-9,-2.5,2,0.34
40,ac,SSW,6.5,4.5,2,0.46
41,ac,SSW,29.5,15,2,0.54
42,ac,SSW,53,26,2,0.5
43,ac,SSW,67.5,32.5,2,0.44
44,ac,SSW,83,39,2,0.65
45,ac,SSW,120.5,56.5,2,0.3
46,ac,SSW,-121,-56.5,2,0.22
47,ac,SSW,-96.5,-59.5,2,0.2
48,ac,SSW,-77,-59,2,0.26
49,ac,SSW,-59.5,-51.5,2,0.18
50,ac,SSW,-45.5,-45,2,0.2
51,ac,SSW,-24.5,-19.5,2,0.44
52,ac,SSW,-31,-23.5,2,0.3
53,ac,SSW,-24.5,-38,2,0.32
54,ac,SSW,-20,-30.5,2,0.46
55,ac,SSW,-11,-50,2,0.26
56,ac,SSW,38,5.5,2,0.79
57,ac,SSW,74,22,2,0.54
58,ac,SSW,63,0.5,2,0.75
59,ac,SSW,50.5,-22.5,2,0.34
60,ac,SSW,88.5,-6,2,0.77
61,ac,SSW,31,0,2,0.46
62,ac,SSW,39.5,-20,2,0.36
63,ac,SSW,92.5,20,2,0.69
64,ac,SSW,100.5,3.5,2,0.54
65,ac,SSW,-83,-94,2,0.36
66,ac,SSW,-49.5,-78.5,2,0.14
67,ac,SSW,-10,-59.5,2,0.32
68,ac,SSW,1,-54,2,0.44
69,ac,SSW,26,-43,2,0.22
70,ac,SSW,46.5,-33.5,2,0.26
71,ac,SSW,66.5,-24.5,2,0.38
72,ac,SSW,82,-17.5,2,0.42
73,ac,SSW,98.5,-9.5,2,0.28
74,ac,SSW,56.5,-54.5,2,0.3
75,ac,SSW,109,-17.5,2,0.4
76,ac,SSW,116,-30.5,2,0.42
77,ac,SSW,5,-94,2,0.32
78,ac,SSW,45.5,-86.5,2,0.54
79,ac,SSW,81.5,-69.5,2,0.55
80,ac,SSW,125,-49.5,2,0.57
1,ac,SW,-27,112,2,0.16
2,ac,SW,-93,33,2,0.69
3,ac,SW,-88,35,2,0.79
4,ac,SW,-74,40,2,0.99
5,ac,SW,-61,45.5,2,1.11
6,ac,SW,-50.5,49.5,2,0.99
7,ac,SW,-33.5,57.5,2,0.57
8,ac,SW,-9.5,69,2,0.36
9,ac,SW,7,76.5,2,0.3
10,ac,SW,45,94,2,0.34
11,ac,SW,80.5,110,2,0.52
12,ac,SW,-133,21,2,0.22
13,ac,SW,-97,19,2,0.71
14,ac,SW,-84,22.5,2,1.27
15,ac,SW,-65.5,29.5,2,1.11
16,ac,SW,-47.5,36.5,2,0.59
17,ac,SW,-25,47,2,0.36
18,ac,SW,-5,56,2,0.24
19,ac,SW,13.5,64.5,2,0.48
20,ac,SW,50,81.5,2,0.34
21,ac,SW,87,97.5,2,0.48
22,ac,SW,-114.5,-8,2,0.38
23,ac,SW,-90.5,8,2,0.65
24,ac,SW,-56,33,2,0.67
25,ac,SW,-51,22,2,0.44
26,ac,SW,-46.5,11,2,0.28
27,ac,SW,-39,16,2,0.85
28,ac,SW,-39.5,-4,2,1.07
29,ac,SW,-32,0,2,0.67
30,ac,SW,-39,-11,2,1.01
31,ac,SW,6.5,52,2,0.24
32,ac,SW,65.5,74.5,2,0.2
33,ac,SW,73.5,56.5,2,0.22
34,ac,SW,-117.5,-32,2,0.28
35,ac,SW,-86.5,-35.5,2,0.3
36,ac,SW,-75,-31.5,2,0.54
37,ac,SW,-55.5,-23,2,0.95
38,ac,SW,-26,-10,2,0.83
39,ac,SW,-9,-2.5,2,0.34
40,ac,SW,6.5,4.5,2,0.32
41,ac,SW,29.5,15,2,0.54
42,ac,SW,53,26,2,0.57
43,ac,SW,67.5,32.5,2,0.34
44,ac,SW,83,39,2,0.54
45,ac,SW,120.5,56.5,2,0.24
46,ac,SW,-121,-56.5,2,0.38
47,ac,SW,-96.5,-59.5,2,0.14
48,ac,SW,-77,-59,2,0.34
49,ac,SW,-59.5,-51.5,2,0.4
50,ac,SW,-45.5,-45,2,0.38
51,ac,SW,-24.5,-19.5,2,0.42
52,ac,SW,-31,-23.5,2,0.32
53,ac,SW,-24.5,-38,2,0.32
54,ac,SW,-20,-30.5,2,0.4
55,ac,SW,-11,-50,2,0.3
56,ac,SW,38,5.5,2,0.79
57,ac,SW,74,22,2,0.38
58,ac,SW,63,0.5,2,0.63
59,ac,SW,50.5,-22.5,2,0.46
60,ac,SW,88.5,-6,2,0.73
61,ac,SW,31,0,2,0.57
62,ac,SW,39.5,-20,2,0.5
63,ac,SW,92.5,20,2,0.59
64,ac,SW,100.5,3.5,2,0.5
65,ac,SW,-83,-94,2,0.5
66,ac,SW,-49.5,-78.5,2,0.36
67,ac,SW,-10,-59.5,2,0.28
68,ac,SW,1,-54,2,0.4
69,ac,SW,26,-43,2,0.24
70,ac,SW,46.5,-33.5,2,0.32
71,ac,SW,66.5,-24.5,2,0.42
72,ac,SW,82,-17.5,2,0.4
73,ac,SW,98.5,-9.5,2,0.32
74,ac,SW,56.5,-54.5,2,0.28
75,ac,SW,109,-17.5,2,0.44
76,ac,SW,116,-30.5,2,0.42
77,ac,SW,5,-94,2,0.4
78,ac,SW,45.5,-86.5,2,0.63
79,ac,SW,81.5,-69.5,2,0.63
80,ac,SW,125,-49.5,2,0.46
1,ac,WSW,-27,112,2,0.36
2,ac,WSW,-93,33,2,0.61
3,ac,WSW,-88,35,2,0.63
4,ac,WSW,-74,40,2,0.81
5,ac,WSW,-61,45.5,2,0.81
6,ac,WSW,-50.5,49.5,2,0.75
7,ac,WSW,-33.5,57.5,2,0.55
8,ac,WSW,-9.5,69,2,0.42
9,ac,WSW,7,76.5,2,0.38
10,ac,WSW,45,94,2,0.32
11,ac,WSW,80.5,110,2,0.48
12,ac,WSW,-133,21,2,0.32
13,ac,WSW,-97,19,2,0.5
14,ac,WSW,-84,22.5,2,1.03
15,ac,WSW,-65.5,29.5,2,1.01
16,ac,WSW,-47.5,36.5,2,0.63
17,ac,WSW,-25,47,2,0.67
18,ac,WSW,-5,56,2,0.55
19,ac,WSW,13.5,64.5,2,0.75
20,ac,WSW,50,81.5,2,0.44
21,ac,WSW,87,97.5,2,0.55
22,ac,WSW,-114.5,-8,2,0.32
23,ac,WSW,-90.5,8,2,0.52
24,ac,WSW,-56,33,2,0.91
25,ac,WSW,-51,22,2,0.61
26,ac,WSW,-46.5,11,2,0.48
27,ac,WSW,-39,16,2,0.61
28,ac,WSW,-39.5,-4,2,0.93
29,ac,WSW,-32,0,2,0.71
30,ac,WSW,-39,-11,2,1.05
31,ac,WSW,6.5,52,2,0.36
32,ac,WSW,65.5,74.5,2,0.2
33,ac,WSW,73.5,56.5,2,0.18
34,ac,WSW,-117.5,-32,2,0.28
35,ac,WSW,-86.5,-35.5,2,0.3
36,ac,WSW,-75,-31.5,2,0.52
37,ac,WSW,-55.5,-23,2,1.05
38,ac,WSW,-26,-10,2,0.93
39,ac,WSW,-9,-2.5,2,0.57
40,ac,WSW,6.5,4.5,2,0.44
41,ac,WSW,29.5,15,2,0.46
42,ac,WSW,53,26,2,0.48
43,ac,WSW,67.5,32.5,2,0.38
44,ac,WSW,83,39,2,0.28
45,ac,WSW,120.5,56.5,2,0.2
46,ac,WSW,-121,-56.5,2,0.32
47,ac,WSW,-96.5,-59.5,2,0.16
48,ac,WSW,-77,-59,2,0.32
49,ac,WSW,-59.5,-51.5,2,0.48
50,ac,WSW,-45.5,-45,2,0.44
51,ac,WSW,-24.5,-19.5,2,0.46
52,ac,WSW,-31,-23.5,2,0.38
53,ac,WSW,-24.5,-38,2,0.3
54,ac,WSW,-20,-30.5,2,0.38
55,ac,WSW,-11,-50,2,0.42
56,ac,WSW,38,5.5,2,0.65
57,ac,WSW,74,22,2,0.34
58,ac,WSW,63,0.5,2,0.4
59,ac,WSW,50.5,-22.5,2,0.57
60,ac,WSW,88.5,-6,2,0.46
61,ac,WSW,31,0,2,0.57
62,ac,WSW,39.5,-20,2,0.57
63,ac,WSW,92.5,20,2,0.36
64,ac,WSW,100.5,3.5,2,0.34
65,ac,WSW,-83,-94,2,0.36
66,ac,WSW,-49.5,-78.5,2,0.61
67,ac,WSW,-10,-59.5,2,0.32
68,ac,WSW,1,-54,2,0.32
69,ac,WSW,26,-43,2,0.3
70,ac,WSW,46.5,-33.5,2,0.44
71,ac,WSW,66.5,-24.5,2,0.5
72,ac,WSW,82,-17.5,2,0.4
73,ac,WSW,98.5,-9.5,2,0.32
74,ac,WSW,56.5,-54.5,2,0.26
75,ac,WSW,109,-17.5,2,0.3
76,ac,WSW,116,-30.5,2,0.38
77,ac,WSW,5,-94,2,0.32
78,ac,WSW,45.5,-86.5,2,0.5
79,ac,WSW,81.5,-69.5,2,0.52
80,ac,WSW,125,-49.5,2,0.44
1,ac,W,-27,112,2,0.38
2,ac,W,-93,33,2,0.55
3,ac,W,-88,35,2,0.55
4,ac,W,-74,40,2,0.67
5,ac,W,-61,45.5,2,0.65
6,ac,W,-50.5,49.5,2,0.63
7,ac,W,-33.5,57.5,2,0.5
8,ac,W,-9.5,69,2,0.38
9,ac,W,7,76.5,2,0.3
10,ac,W,45,94,2,0.24
11,ac,W,80.5,110,2,0.24
12,ac,W,-133,21,2,0.36
13,ac,W,-97,19,2,0.4
14,ac,W,-84,22.5,2,0.73
15,ac,W,-65.5,29.5,2,0.83
16,ac,W,-47.5,36.5,2,0.54
17,ac,W,-25,47,2,0.63
18,ac,W,-5,56,2,0.59
19,ac,W,13.5,64.5,2,0.63
20,ac,W,50,81.5,2,0.38
21,ac,W,87,97.5,2,0.42
22,ac,W,-114.5,-8,2,0.26
23,ac,W,-90.5,8,2,0.36
24,ac,W,-56,33,2,0.75
25,ac,W,-51,22,2,0.79
26,ac,W,-46.5,11,2,0.34
27,ac,W,-39,16,2,0.81
28,ac,W,-39.5,-4,2,0.55
29,ac,W,-32,0,2,0.73
30,ac,W,-39,-11,2,0.87
31,ac,W,6.5,52,2,0.65
32,ac,W,65.5,74.5,2,0.2
33,ac,W,73.5,56.5,2,0.22
34,ac,W,-117.5,-32,2,0.24
35,ac,W,-86.5,-35.5,2,0.28
36,ac,W,-75,-31.5,2,0.48
37,ac,W,-55.5,-23,2,1.17
38,ac,W,-26,-10,2,0.93
39,ac,W,-9,-2.5,2,0.54
40,ac,W,6.5,4.5,2,0.44
41,ac,W,29.5,15,2,0.34
42,ac,W,53,26,2,0.22
43,ac,W,67.5,32.5,2,0.24
44,ac,W,83,39,2,0.26
45,ac,W,120.5,56.5,2,0.22
46,ac,W,-121,-56.5,2,0.22
47,ac,W,-96.5,-59.5,2,0.16
48,ac,W,-77,-59,2,0.34
49,ac,W,-59.5,-51.5,2,0.46
50,ac,W,-45.5,-45,2,0.44
51,ac,W,-24.5,-19.5,2,0.52
52,ac,W,-31,-23.5,2,0.4
53,ac,W,-24.5,-38,2,0.28
54,ac,W,-20,-30.5,2,0.5
55,ac,W,-11,-50,2,0.36
56,ac,W,38,5.5,2,0.46
57,ac,W,74,22,2,0.3
58,ac,W,63,0.5,2,0.34
59,ac,W,50.5,-22.5,2,0.44
60,ac,W,88.5,-6,2,0.2
61,ac,W,31,0,2,0.36
62,ac,W,39.5,-20,2,0.38
63,ac,W,92.5,20,2,0.32
64,ac,W,100.5,3.5,2,0.32
65,ac,W,-83,-94,2,0.28
66,ac,W,-49.5,-78.5,2,0.65
67,ac,W,-10,-59.5,2,0.34
68,ac,W,1,-54,2,0.2
69,ac,W,26,-43,2,0.32
70,ac,W,46.5,-33.5,2,0.36
71,ac,W,66.5,-24.5,2,0.46
72,ac,W,82,-17.5,2,0.34
73,ac,W,98.5,-9.5,2,0.28
74,ac,W,56.5,-54.5,2,0.28
75,ac,W,109,-17.5,2,0.26
76,ac,W,116,-30.5,2,0.3
77,ac,W,5,-94,2,0.32
78,ac,W,45.5,-86.5,2,0.36
79,ac,W,81.5,-69.5,2,0.36
80,ac,W,125,-49.5,2,0.34
1,ac,WNW,-27,112,2,0.36
2,ac,WNW,-93,33,2,0.32
3,ac,WNW,-88,35,2,0.36
4,ac,WNW,-74,40,2,0.5
5,ac,WNW,-61,45.5,2,0.55
6,ac,WNW,-50.5,49.5,2,0.48
7,ac,WNW,-33.5,57.5,2,0.4
8,ac,WNW,-9.5,69,2,0.44
9,ac,WNW,7,76.5,2,0.3
10,ac,WNW,45,94,2,0.18
11,ac,WNW,80.5,110,2,0.16
12,ac,WNW,-133,21,2,0.38
13,ac,WNW,-97,19,2,0.26
14,ac,WNW,-84,22.5,2,0.5
15,ac,WNW,-65.5,29.5,2,0.69
16,ac,WNW,-47.5,36.5,2,0.46
17,ac,WNW,-25,47,2,0.52
18,ac,WNW,-5,56,2,0.57
19,ac,WNW,13.5,64.5,2,0.65
20,ac,WNW,50,81.5,2,0.36
21,ac,WNW,87,97.5,2,0.28
22,ac,WNW,-114.5,-8,2,0.26
23,ac,WNW,-90.5,8,2,0.24
24,ac,WNW,-56,33,2,0.71
25,ac,WNW,-51,22,2,0.79
26,ac,WNW,-46.5,11,2,0.63
27,ac,WNW,-39,16,2,0.77
28,ac,WNW,-39.5,-4,2,0.63
29,ac,WNW,-32,0,2,0.95
30,ac,WNW,-39,-11,2,0.54
31,ac,WNW,6.5,52,2,0.71
32,ac,WNW,65.5,74.5,2,0.38
33,ac,WNW,73.5,56.5,2,0.46
34,ac,WNW,-117.5,-32,2,0.26
35,ac,WNW,-86.5,-35.5,2,0.32
36,ac,WNW,-75,-31.5,2,0.38
37,ac,WNW,-55.5,-23,2,1.07
38,ac,WNW,-26,-10,2,0.89
39,ac,WNW,-9,-2.5,2,0.5
40,ac,WNW,6.5,4.5,2,0.24
41,ac,WNW,29.5,15,2,0.32
42,ac,WNW,53,26,2,0.26
43,ac,WNW,67.5,32.5,2,0.3
44,ac,WNW,83,39,2,0.36
45,ac,WNW,120.5,56.5,2,0.32
46,ac,WNW,-121,-56.5,2,0.24
47,ac,WNW,-96.5,-59.5,2,0.24
48,ac,WNW,-77,-59,2,0.42
49,ac,WNW,-59.5,-51.5,2,0.48
50,ac,WNW,-45.5,-45,2,0.28
51,ac,WNW,-24.5,-19.5,2,0.61
52,ac,WNW,-31,-23.5,2,0.4
53,ac,WNW,-24.5,-38,2,0.28
54,ac,WNW,-20,-30.5,2,0.38
55,ac,WNW,-11,-50,2,0.44
56,ac,WNW,38,5.5,2,0.36
57,ac,WNW,74,22,2,0.55
58,ac,WNW,63,0.5,2,0.46
59,ac,WNW,50.5,-22.5,2,0.24
60,ac,WNW,88.5,-6,2,0.32
61,ac,WNW,31,0,2,0.26
62,ac,WNW,39.5,-20,2,0.2
63,ac,WNW,92.5,20,2,0.57
64,ac,WNW,100.5,3.5,2,0.55
65,ac,WNW,-83,-94,2,0.38
66,ac,WNW,-49.5,-78.5,2,0.63
67,ac,WNW,-10,-59.5,2,0.38
68,ac,WNW,1,-54,2,0.32
69,ac,WNW,26,-43,2,0.38
70,ac,WNW,46.5,-33.5,2,0.38
71,ac,WNW,66.5,-24.5,2,0.32
72,ac,WNW,82,-17.5,2,0.4
73,ac,WNW,98.5,-9.5,2,0.44
74,ac,WNW,56.5,-54.5,2,0.2
75,ac,WNW,109,-17.5,2,0.5
76,ac,WNW,116,-30.5,2,0.46
77,ac,WNW,5,-94,2,0.42
78,ac,WNW,45.5,-86.5,2,0.4
79,ac,WNW,81.5,-69.5,2,0.26
80,ac,WNW,125,-49.5,2,0.36
1,ac,NW,-27,112,2,0.42
2,ac,NW,-93,33,2,0.3
3,ac,NW,-88,35,2,0.3
4,ac,NW,-74,40,2,0.44
5,ac,NW,-61,45.5,2,0.38
6,ac,NW,-50.5,49.5,2,0.28
7,ac,NW,-33.5,57.5,2,0.3
8,ac,NW,-9.5,69,2,0.36
9,ac,NW,7,76.5,2,0.26
10,ac,NW,45,94,2,0.18
11,ac,NW,80.5,110,2,0.1
12,ac,NW,-133,21,2,0.32
13,ac,NW,-97,19,2,0.32
14,ac,NW,-84,22.5,2,0.4
15,ac,NW,-65.5,29.5,2,0.57
16,ac,NW,-47.5,36.5,2,0.36
17,ac,NW,-25,47,2,0.3
18,ac,NW,-5,56,2,0.5
19,ac,NW,13.5,64.5,2,0.5
20,ac,NW,50,81.5,2,0.3
21,ac,NW,87,97.5,2,0.22
22,ac,NW,-114.5,-8,2,0.36
23,ac,NW,-90.5,8,2,0.34
24,ac,NW,-56,33,2,0.65
25,ac,NW,-51,22,2,0.75
26,ac,NW,-46.5,11,2,0.87
27,ac,NW,-39,16,2,0.69
28,ac,NW,-39.5,-4,2,0.89
29,ac,NW,-32,0,2,0.91
30,ac,NW,-39,-11,2,0.54
31,ac,NW,6.5,52,2,0.63
32,ac,NW,65.5,74.5,2,0.38
33,ac,NW,73.5,56.5,2,0.52
34,ac,NW,-117.5,-32,2,0.34
35,ac,NW,-86.5,-35.5,2,0.48
36,ac,NW,-75,-31.5,2,0.34
37,ac,NW,-55.5,-23,2,0.69
38,ac,NW,-26,-10,2,0.87
39,ac,NW,-9,-2.5,2,0.3
40,ac,NW,6.5,4.5,2,0.2
41,ac,NW,29.5,15,2,0.32
42,ac,NW,53,26,2,0.32
43,ac,NW,67.5,32.5,2,0.3
44,ac,NW,83,39,2,0.44
45,ac,NW,120.5,56.5,2,0.32
46,ac,NW,-121,-56.5,2,0.3
47,ac,NW,-96.5,-59.5,2,0.34
48,ac,NW,-77,-59,2,0.44
49,ac,NW,-59.5,-51.5,2,0.42
50,ac,NW,-45.5,-45,2,0.24
51,ac,NW,-24.5,-19.5,2,0.77
52,ac,NW,-31,-23.5,2,0.42
53,ac,NW,-24.5,-38,2,0.28
54,ac,NW,-20,-30.5,2,0.42
55,ac,NW,-11,-50,2,0.28
56,ac,NW,38,5.5,2,0.38
57,ac,NW,74,22,2,0.54
58,ac,NW,63,0.5,2,0.77
59,ac,NW,50.5,-22.5,2,0.5
60,ac,NW,88.5,-6,2,0.38
61,ac,NW,31,0,2,0.34
62,ac,NW,39.5,-20,2,0.42
63,ac,NW,92.5,20,2,0.55
64,ac,NW,100.5,3.5,2,0.5
65,ac,NW,-83,-94,2,0.32
66,ac,NW,-49.5,-78.5,2,0.5
67,ac,NW,-10,-59.5,2,0.36
68,ac,NW,1,-54,2,0.22
69,ac,NW,26,-43,2,0.26
70,ac,NW,46.5,-33.5,2,0.36
71,ac,NW,66.5,-24.5,2,0.32
72,ac,NW,82,-17.5,2,0.44
73,ac,NW,98.5,-9.5,2,0.36
74,ac,NW,56.5,-54.5,2,0.2
75,ac,NW,109,-17.5,2,0.44
76,ac,NW,116,-30.5,2,0.44
77,ac,NW,5,-94,2,0.44
78,ac,NW,45.5,-86.5,2,0.28
79,ac,NW,81.5,-69.5,2,0.2
80,ac,NW,125,-49.5,2,0.42
1,ac,NNW,-27,112,2,0.24
2,ac,NNW,-93,33,2,0.57
3,ac,NNW,-88,35,2,0.44
4,ac,NNW,-74,40,2,0.42
5,ac,NNW,-61,45.5,2,0.26
6,ac,NNW,-50.5,49.5,2,0.24
7,ac,NNW,-33.5,57.5,2,0.32
8,ac,NNW,-9.5,69,2,0.32
9,ac,NNW,7,76.5,2,0.24
10,ac,NNW,45,94,2,0.16
11,ac,NNW,80.5,110,2,0.2
12,ac,NNW,-133,21,2,0.24
13,ac,NNW,-97,19,2,0.55
14,ac,NNW,-84,22.5,2,0.42
15,ac,NNW,-65.5,29.5,2,0.5
16,ac,NNW,-47.5,36.5,2,0.34
17,ac,NNW,-25,47,2,0.22
18,ac,NNW,-5,56,2,0.44
19,ac,NNW,13.5,64.5,2,0.34
20,ac,NNW,50,81.5,2,0.22
21,ac,NNW,87,97.5,2,0.28
22,ac,NNW,-114.5,-8,2,0.4
23,ac,NNW,-90.5,8,2,0.59
24,ac,NNW,-56,33,2,0.59
25,ac,NNW,-51,22,2,0.69
26,ac,NNW,-46.5,11,2,0.69
27,ac,NNW,-39,16,2,0.55
28,ac,NNW,-39.5,-4,2,0.77
29,ac,NNW,-32,0,2,0.65
30,ac,NNW,-39,-11,2,0.67
31,ac,NNW,6.5,52,2,0.48
32,ac,NNW,65.5,74.5,2,0.42
33,ac,NNW,73.5,56.5,2,0.5
34,ac,NNW,-117.5,-32,2,0.42
35,ac,NNW,-86.5,-35.5,2,0.46
36,ac,NNW,-75,-31.5,2,0.3
37,ac,NNW,-55.5,-23,2,0.38
38,ac,NNW,-26,-10,2,0.67
39,ac,NNW,-9,-2.5,2,0.24
40,ac,NNW,6.5,4.5,2,0.22
41,ac,NNW,29.5,15,2,0.3
42,ac,NNW,53,26,2,0.28
43,ac,NNW,67.5,32.5,2,0.24
44,ac,NNW,83,39,2,0.42
45,ac,NNW,120.5,56.5,2,0.22
46,ac,NNW,-121,-56.5,2,0.2
47,ac,NNW,-96.5,-59.5,2,0.28
48,ac,NNW,-77,-59,2,0.36
49,ac,NNW,-59.5,-51.5,2,0.22
50,ac,NNW,-45.5,-45,2,0.18
51,ac,NNW,-24.5,-19.5,2,0.69
52,ac,NNW,-31,-23.5,2,0.5
53,ac,NNW,-24.5,-38,2,0.44
54,ac,NNW,-20,-30.5,2,0.55
55,ac,NNW,-11,-50,2,0.42
56,ac,NNW,38,5.5,2,0.4
57,ac,NNW,74,22,2,0.4
58,ac,NNW,63,0.5,2,0.67
59,ac,NNW,50.5,-22.5,2,0.44
60,ac,NNW,88.5,-6,2,0.59
61,ac,NNW,31,0,2,0.36
62,ac,NNW,39.5,-20,2,0.4
63,ac,NNW,92.5,20,2,0.46
64,ac,NNW,100.5,3.5,2,0.42
65,ac,NNW,-83,-94,2,0.26
66,ac,NNW,-49.5,-78.5,2,0.22
67,ac,NNW,-10,-59.5,2,0.48
68,ac,NNW,1,-54,2,0.22
69,ac,NNW,26,-43,2,0.22
70,ac,NNW,46.5,-33.5,2,0.34
71,ac,NNW,66.5,-24.5,2,0.34
72,ac,NNW,82,-17.5,2,0.3
73,ac,NNW,98.5,-9.5,2,0.42
74,ac,NNW,56.5,-54.5,2,0.22
75,ac,NNW,109,-17.5,2,0.54
76,ac,NNW,116,-30.5,2,0.44
77,ac,NNW,5,-94,2,0.54
78,ac,NNW,45.5,-86.5,2,0.24
79,ac,NNW,81.5,-69.5,2,0.18
80,ac,NNW,125,-49.5,2,0.42
